{"Q_99/model_36#38#68#70#_36#38#68#70#_DEL_76.mod": {"src": "36#38#68#70#", "tgt": "36#38#68#70#", "distance": 0.0, "delay": 76, "aut": [[0, [1, 2]], [1, [3, 4]], [2, [5, 6]], [3, [7, 5]], [4, [0, 8]], [5, [9, 10]], [6, [5, 11]], [7, [12, 5]], [8, [12, 9]], [9, [4, 0]], [10, [0, 13]], [11, [14, 15]], [12, [16, 5]], [13, [17, 18]], [14, [19, 0]], [15, [8, 6]], [16, [20, 6]], [17, [21, 12]], [18, [0, 21]], [19, [13, 22]], [20, [16, 0]], [21, [21, 12]], [22, [0, 23]], [23, [21, 24]], [24, [0, 12]]], "pit": [[0, [0.658064, 0.341935]], [1, [0.588235, 0.411765]], [2, [0.724638, 0.275362]], [3, [0.643836, 0.356164]], [4, [0.701149, 0.298851]], [5, [0.738462, 0.261538]], [6, [0.654762, 0.345238]], [7, [0.758621, 0.241379]], [8, [0.783784, 0.216216]], [9, [0.663158, 0.336842]], [10, [0.735849, 0.264151]], [11, [0.677419, 0.322581]], [12, [0.736842, 0.263158]], [13, [0.75, 0.25]], [14, [0.633333, 0.366667]], [15, [0.78125, 0.21875]], [16, [0.726316, 0.273684]], [17, [0.76, 0.24]], [18, [0.473684, 0.526316]], [19, [0.608696, 0.391304]], [20, [0.756, 0.244]], [21, [0.750842, 0.249158]], [22, [0.75, 0.25]], [23, [0.75, 0.25]], [24, [0.0, 1.0]]], "gamma": 0.0126158}, "Q_106/model_36#38#22#24#_42#44#20#22#_DEL_83.mod": {"src": "36#38#22#24#", "tgt": "42#44#20#22#", "distance": 427.82379615070306, "delay": 83, "aut": [[0, [0, 1]], [1, [0, 2]], [2, [0, 0]]], "pit": [[0, [0.982143, 0.0178571]], [1, [0.934211, 0.0657895]], [2, [0.945205, 0.0547945]]], "gamma": 0.01602}, "Q_104/model_40#42#28#30#_40#42#28#30#_DEL_43.mod": {"src": "40#42#28#30#", "tgt": "40#42#28#30#", "distance": 0.0, "delay": 43, "aut": [[0, [1, 2]], [1, [3, 1]], [2, [1, 1]], [3, [4, 5]], [4, [6, 1]], [5, [0, 1]], [6, [7, 1]], [7, [8, 1]], [8, [9, 0]], [9, [10, 1]], [10, [0, 1]]], "pit": [[0, [0.907834, 0.0921659]], [1, [0.93, 0.07]], [2, [1.0, 0.0]], [3, [0.952569, 0.0474308]], [4, [0.958848, 0.0411523]], [5, [0.9, 0.1]], [6, [0.962185, 0.0378151]], [7, [0.956522, 0.0434783]], [8, [0.955157, 0.0448431]], [9, [0.948598, 0.0514019]], [10, [0.909524, 0.0904762]]], "gamma": 0.0174898}, "Q_102/model_38#40#40#42#_38#40#40#42#_DEL_51.mod": {"src": "38#40#40#42#", "tgt": "38#40#40#42#", "distance": 0.0, "delay": 51, "aut": [[0, [1, 0]], [1, [0, 2]], [2, [0, 3]], [3, [4, 0]], [4, [5, 0]], [5, [6, 0]], [6, [7, 0]], [7, [1, 0]]], "pit": [[0, [0.924125, 0.0758755]], [1, [0.938587, 0.0614125]], [2, [0.785714, 0.214286]], [3, [0.75, 0.25]], [4, [0.857143, 0.142857]], [5, [0.9, 0.1]], [6, [0.9, 0.1]], [7, [0.894737, 0.105263]]], "gamma": 0.0120585}, "Q_100/model_36#38#70#72#_36#38#70#72#_DEL_4.mod": {"src": "36#38#70#72#", "tgt": "36#38#70#72#", "distance": 0.0, "delay": 4, "aut": [[0, [0, 2]], [1, [0, 0]], [2, [0, 3]], [3, [0, 1]]], "pit": [[0, [0.922388, 0.0776119]], [1, [0.615385, 0.384615]], [2, [0.819277, 0.180723]], [3, [0.878049, 0.121951]]], "gamma": 0.0147162}, "Q_103/model_38#40#40#42#_38#40#42#44#_DEL_6.mod": {"src": "38#40#40#42#", "tgt": "38#40#42#44#", "distance": 107.38900295455339, "delay": 6, "aut": [[0, [0, 1]], [1, [2, 1]], [2, [0, 0]]], "pit": [[0, [0.970202, 0.029798]], [1, [0.804054, 0.195946]], [2, [0.896552, 0.103448]]], "gamma": 0.0734241}, "Q_100/model_36#38#68#70#_36#38#70#72#_DEL_115.mod": {"src": "36#38#68#70#", "tgt": "36#38#70#72#", "distance": 110.3587007511978, "delay": 115, "aut": [[0, [0, 1]], [1, [2, 1]], [2, [3, 4]], [3, [0, 5]], [4, [0, 6]], [5, [0, 7]], [6, [0, 7]], [7, [0, 1]]], "pit": [[0, [0.920875, 0.0791246]], [1, [0.890792, 0.109208]], [2, [0.887574, 0.112426]], [3, [0.93617, 0.0638298]], [4, [0.785714, 0.214286]], [5, [1.0, 0.0]], [6, [0.857143, 0.142857]], [7, [0.970588, 0.0294118]]], "gamma": 0.0131975}, "Q_101/model_38#40#38#40#_38#40#38#40#_DEL_28.mod": {"src": "38#40#38#40#", "tgt": "38#40#38#40#", "distance": 0.0, "delay": 28, "aut": [[0, [0, 1]], [1, [2, 1]], [2, [3, 0]], [3, [0, 0]]], "pit": [[0, [0.967901, 0.0320988]], [1, [0.893333, 0.106667]], [2, [0.823529, 0.176471]], [3, [0.9, 0.1]]], "gamma": 0.0293975}, "Q_105/model_30#32#16#18#_42#44#-4#-2#_DEL_159.mod": {"src": "30#32#16#18#", "tgt": "42#44#-4#-2#", "distance": 1374.337489114508, "delay": 159, "aut": [[0, [1, 0]], [1, [1, 0]]], "pit": [[0, [1.0, 0.0]], [1, [0.995833, 0.00416667]]], "gamma": 0.0285157}, "Q_107/model_42#44#44#46#_42#44#42#44#_DEL_56.mod": {"src": "42#44#44#46#", "tgt": "42#44#42#44#", "distance": 101.06089881689155, "delay": 56, "aut": [[0, [1, 2]], [1, [1, 2]], [2, [3, 2]], [3, [0, 4]], [4, [-1, 3]]], "pit": [[0, [0.882979, 0.117021]], [1, [0.923995, 0.076005]], [2, [0.765217, 0.234783]], [3, [0.814159, 0.185841]], [4, [0.85, 0.15]]], "gamma": 0.0151736}, "Q_108/model_42#44#44#46#_42#44#44#46#_DEL_85.mod": {"src": "42#44#44#46#", "tgt": "42#44#44#46#", "distance": 0.0, "delay": 85, "aut": [[0, [4, 5]], [1, [0, 2]], [2, [6, 0]], [3, [2, 7]], [4, [8, 9]], [5, [0, 3]], [6, [10, 2]], [7, [11, 0]], [8, [12, 0]], [9, [0, 13]], [10, [6, 0]], [11, [14, 0]], [12, [15, 9]], [13, [1, 0]], [14, [8, 0]], [15, [16, 0]], [16, [17, 16]], [17, [14, 16]]], "pit": [[0, [0.816176, 0.183824]], [1, [0.909091, 0.0909091]], [2, [0.846154, 0.153846]], [3, [0.809524, 0.190476]], [4, [0.822581, 0.177419]], [5, [0.756757, 0.243243]], [6, [0.932203, 0.0677966]], [7, [1.0, 0.0]], [8, [0.864111, 0.135889]], [9, [0.882353, 0.117647]], [10, [0.929825, 0.0701754]], [11, [1.0, 0.0]], [12, [0.874539, 0.125461]], [13, [0.882353, 0.117647]], [14, [0.89243, 0.10757]], [15, [0.900383, 0.0996169]], [16, [0.92691, 0.0730897]], [17, [0.917647, 0.0823529]]], "gamma": 0.0260187}, "Q_99/model_36#38#66#68#_36#38#68#70#_DEL_36.mod": {"src": "36#38#66#68#", "tgt": "36#38#68#70#", "distance": 110.35870075119712, "delay": 36, "aut": [[0, [0, 1]], [1, [2, 0]], [2, [1, 2]]], "pit": [[0, [0.76947, 0.23053]], [1, [0.706935, 0.293065]], [2, [0.702444, 0.297556]]], "gamma": 0.0266262}, "Q_105/model_32#34#12#14#_42#44#-4#-2#_DEL_57.mod": {"src": "32#34#12#14#", "tgt": "42#44#-4#-2#", "distance": 1108.571598461004, "delay": 57, "aut": [[0, [0, 1]], [1, [0, 1]]], "pit": [[0, [0.997738, 0.00226244]], [1, [0.989101, 0.0108992]]], "gamma": 0.0394178}, "Q_109/model_42#44#44#46#_42#44#46#48#_DEL_89.mod": {"src": "42#44#44#46#", "tgt": "42#44#46#48#", "distance": 101.06089881689185, "delay": 89, "aut": [[0, [1, 2]], [1, [3, 4]], [2, [5, 6]], [3, [7, 4]], [4, [0, 5]], [5, [8, 0]], [6, [5, 9]], [7, [9, 0]], [8, [10, 11]], [9, [11, 12]], [10, [13, 14]], [11, [0, 15]], [12, [16, 17]], [13, [14, 0]], [14, [0, 18]], [15, [8, 0]], [16, [19, 18]], [17, [20, 17]], [18, [0, 8]], [19, [0, 0]], [20, [18, 18]]], "pit": [[0, [0.746875, 0.253125]], [1, [0.775439, 0.224561]], [2, [0.657143, 0.342857]], [3, [0.767528, 0.232472]], [4, [0.655172, 0.344828]], [5, [0.709091, 0.290909]], [6, [0.636364, 0.363636]], [7, [0.756863, 0.243137]], [8, [0.603175, 0.396825]], [9, [0.785992, 0.214008]], [10, [0.603774, 0.396226]], [11, [0.792683, 0.207317]], [12, [0.714286, 0.285714]], [13, [0.680851, 0.319149]], [14, [0.590909, 0.409091]], [15, [0.941176, 0.0588235]], [16, [0.5, 0.5]], [17, [0.83871, 0.16129]], [18, [0.62069, 0.37931]], [19, [0.5, 0.5]], [20, [0.736842, 0.263158]]], "gamma": 0.0166891}, "Q_104/model_36#38#22#24#_40#42#28#30#_DEL_20.mod": {"src": "36#38#22#24#", "tgt": "40#42#28#30#", "distance": 424.28196791114266, "delay": 20, "aut": [[0, [1, 2]], [1, [3, 4]], [2, [5, 6]], [3, [7, 0]], [4, [0, 8]], [5, [9, 0]], [6, [5, 0]], [7, [10, 11]], [8, [12, 0]], [9, [13, 0]], [10, [0, 14]], [11, [0, 15]], [12, [16, 0]], [13, [17, 0]], [14, [0, 18]], [15, [19, 0]], [16, [20, 0]], [17, [21, 0]], [18, [22, 0]], [19, [23, 0]], [20, [24, 0]], [21, [25, 0]], [22, [5, 0]], [23, [26, 0]], [24, [27, 0]], [25, [28, 0]], [26, [29, 0]], [27, [30, 0]], [28, [3, 0]], [29, [31, 0]], [30, [32, 0]], [31, [33, 0]], [32, [15, 0]], [33, [34, 0]], [34, [6, 0]]],