{"model_1#4#43#46#_25#28#82#85#_DEL_17.mod": {"src": "1#4#43#46#", "tgt": "25#28#82#85#", "distance": 3068.74476526357, "delay": 17, "aut": [[0, [-1, 1]], [1, [0, 2]], [2, [3, 1]], [3, [0, 0]]], "pit": [[0, [0.0, 1.0]], [1, [0.0752427, 0.924757]], [2, [0.0526316, 0.947368]], [3, [0.0540541, 0.945946]]], "gamma": 0.0647022}, "model_31#34#64#67#_25#28#82#85#_DEL_45.mod": {"src": "31#34#64#67#", "tgt": "25#28#82#85#", "distance": 1157.1895636398765, "delay": 45, "aut": [[0, [2, 3]], [1, [0, 4]], [2, [5, 5]], [3, [6, 7]], [4, [8, 9]], [5, [0, 10]], [6, [11, 12]], [7, [13, 14]], [8, [0, 0]], [9, [0, 15]], [10, [0, 16]], [11, [0, 17]], [12, [0, 18]], [13, [0, 19]], [14, [20, 21]], [15, [0, 22]], [16, [0, 4]], [17, [0, 1]], [18, [0, 23]], [19, [0, 24]], [20, [25, 25]], [21, [26, 27]], [22, [1, 0]], [23, [0, 25]], [24, [0, 28]], [25, [0, 29]], [26, [13, 1]], [27, [0, 30]], [28, [0, 31]], [29, [0, 32]], [30, [33, 34]], [31, [29, 0]], [32, [0, 0]], [33, [0, 8]], [34, [0, 35]], [35, [13, 36]], [36, [0, 30]]], "pit": [[0, [0.0314961, 0.968504]], [1, [0.0, 1.0]], [2, [0.0526316, 0.947368]], [3, [0.0674157, 0.932584]], [4, [0.0526316, 0.947368]], [5, [0.0526316, 0.947368]], [6, [0.0, 1.0]], [7, [0.103896, 0.896104]], [8, [0.0833333, 0.916667]], [9, [0.0, 1.0]], [10, [0.03125, 0.96875]], [11, [0.0, 1.0]], [12, [0.0, 1.0]], [13, [0.107143, 0.892857]], [14, [0.0535714, 0.946429]], [15, [0.181818, 0.818182]], [16, [0.0869565, 0.913043]], [17, [0.2, 0.8]], [18, [0.166667, 0.833333]], [19, [0.125, 0.875]], [20, [0.0769231, 0.923077]], [21, [0.0232558, 0.976744]], [22, [0.0, 1.0]], [23, [0.2, 0.8]], [24, [0.0, 1.0]], [25, [0.0, 1.0]], [26, [0.142857, 0.857143]], [27, [0.0833333, 0.916667]], [28, [0.153846, 0.846154]], [29, [0.0, 1.0]], [30, [0.0731707, 0.926829]], [31, [0.0, 1.0]], [32, [0.0, 1.0]], [33, [0.0, 1.0]], [34, [0.0, 1.0]], [35, [0.0, 1.0]], [36, [0.0, 1.0]]], "gamma": 0.101064}, "model_31#34#43#46#_25#28#82#85#_DEL_19.mod": {"src": "31#34#43#46#", "tgt": "25#28#82#85#", "distance": 2368.369580440805, "delay": 19, "aut": [[0, [1, 2]], [1, [3, 4]], [2, [5, 6]], [3, [2, 1]], [4, [7, 8]], [5, [9, 10]], [6, [5, 0]], [7, [11, 12]], [8, [13, 7]], [9, [4, 14]], [10, [15, 16]], [11, [11, 6]], [12, [11, 17]], [13, [18, 10]], [14, [19, 20]], [15, [11, 11]], [16, [21, 19]], [17, [11, 11]], [18, [22, 23]], [19, [11, 8]], [20, [24, 8]], [21, [19, 11]], [22, [11, 25]], [23, [8, 20]], [24, [11, 21]], [25, [-1, 26]], [26, [11, 11]]], "pit": [[0, [0.0714286, 0.928571]], [1, [0.0625, 0.9375]], [2, [0.0, 1.0]], [3, [0.0357143, 0.964286]], [4, [0.0444444, 0.955556]], [5, [0.0377358, 0.962264]], [6, [0.0330578, 0.966942]], [7, [0.0892857, 0.910714]], [8, [0.0655738, 0.934426]], [9, [0.0833333, 0.916667]], [10, [0.0434783, 0.956522]], [11, [0.0264901, 0.97351]], [12, [0.125, 0.875]], [13, [0.0, 1.0]], [14, [0.0740741, 0.925926]], [15, [0.4, 0.6]], [16, [0.111111, 0.888889]], [17, [0.0833333, 0.916667]], [18, [0.0, 1.0]], [19, [0.05, 0.95]], [20, [0.12, 0.88]], [21, [0.047619, 0.952381]], [22, [0.0, 1.0]], [23, [0.0, 1.0]], [24, [0.0, 1.0]], [25, [1.0, 0.0]], [26, [1.0, 0.0]]], "gamma": 0.0940084}, "model_31#34#43#46#_25#28#82#85#_DEL_18.mod": {"src": "31#34#43#46#", "tgt": "25#28#82#85#", "distance": 2368.369580440805, "delay": 18, "aut": [[0, [1, 2]], [1, [3, 4]], [2, [5, 6]], [3, [7, 8]], [4, [9, 10]], [5, [5, 6]], [6, [11, 0]], [7, [12, 13]], [8, [9, 5]], [9, [1, 14]], [10, [15, 16]], [11, [5, 6]], [12, [17, 9]], [13, [9, 18]], [14, [9, 19]], [15, [20, 21]], [16, [16, 2]], [17, [-1, 9]], [18, [11, 22]], [19, [23, 9]], [20, [9, 24]], [21, [9, 24]], [22, [9, 25]], [23, [9, 9]], [24, [9, 4]], [25, [9, 9]]], "pit": [[0, [0.0472855, 0.952715]], [1, [0.0646552, 0.935345]], [2, [0.0416025, 0.958398]], [3, [0.137143, 0.862857]], [4, [0.025788, 0.974212]], [5, [0.0549759, 0.945024]], [6, [0.0220868, 0.977913]], [7, [0.0551181, 0.944882]], [8, [0.045, 0.955]], [9, [0.0402235, 0.959777]], [10, [0.0668151, 0.933185]], [11, [0.0541082, 0.945892]], [12, [0.0, 1.0]], [13, [0.0, 1.0]], [14, [0.138107, 0.861893]], [15, [0.0, 1.0]], [16, [0.144724, 0.855276]], [17, [0.0, 1.0]], [18, [0.0, 1.0]], [19, [0.145098, 0.854902]], [20, [0.084507, 0.915493]], [21, [0.0, 1.0]], [22, [0.0, 1.0]], [23, [0.0, 1.0]], [24, [0.0, 1.0]], [25, [0.259259, 0.740741]]], "gamma": 0.0568002}, "model_13#16#43#46#_25#28#82#85#_DEL_43.mod": {"src": "13#16#43#46#", "tgt": "25#28#82#85#", "distance": 2644.4581926565384, "delay": 43, "aut": [[0, [1, 2]], [1, [3, 4]], [2, [5, 6]], [3, [4, 4]], [4, [4, 7]], [5, [8, 4]], [6, [1, 9]], [7, [2, 10]], [8, [4, 4]], [9, [11, 12]], [10, [13, 14]], [11, [15, 4]], [12, [9, 0]], [13, [4, 4]], [14, [16, 17]], [15, [4, 4]], [16, [4, 4]], [17, [18, 19]], [18, [4, 4]], [19, [4, 3]]], "pit": [[0, [0.183962, 0.816038]], [1, [0.0, 1.0]], [2, [0.0508021, 0.949198]], [3, [0.0568384, 0.943162]], [4, [0.0270666, 0.972933]], [5, [0.219512, 0.780488]], [6, [0.0714286, 0.928571]], [7, [0.047504, 0.952496]], [8, [0.0, 1.0]], [9, [0.0961538, 0.903846]], [10, [0.037963, 0.962037]], [11, [0.28125, 0.71875]], [12, [0.0120968, 0.987903]], [13, [0.0505618, 0.949438]], [14, [0.0321508, 0.967849]], [15, [0.0, 1.0]], [16, [0.0, 1.0]], [17, [0.0961538, 0.903846]], [18, [0.0708661, 0.929134]], [19, [0.0450311, 0.954969]]], "gamma": 0.0590664}}