{"model_34#37#64#67#_25#28#82#85#_DEL_3.mod": {"src": "34#37#64#67#", "tgt": "25#28#82#85#", "distance": 1231.1589226204023, "delay": 3, "aut": [[0, [0, 1]], [1, [0, 2]], [2, [0, 3]], [3, [0, 4]], [4, [0, 0]]], "pit": [[0, [0.0847458, 0.915254]], [1, [0.0754717, 0.924528]], [2, [0.0295567, 0.970443]], [3, [0.0218579, 0.978142]], [4, [0.0487805, 0.951219]]], "gamma": 0.0323345}, "model_34#37#43#46#_25#28#82#85#_DEL_35.mod": {"src": "34#37#43#46#", "tgt": "25#28#82#85#", "distance": 2375.3527534234627, "delay": 35, "aut": [[0, [1, 2]], [1, [3, 2]], [2, [4, 5]], [3, [3, 0]], [4, [6, 3]], [5, [0, 7]], [6, [3, 3]], [7, [0, 1]]], "pit": [[0, [0.0412371, 0.958763]], [1, [0.0406504, 0.95935]], [2, [0.0485437, 0.951456]], [3, [0.0425532, 0.957447]], [4, [0.166667, 0.833333]], [5, [0.0753425, 0.924658]], [6, [0.0, 1.0]], [7, [0.037037, 0.962963]]], "gamma": 0.0344736}, "model_22#25#85#88#_25#28#82#85#_DEL_49.mod": {"src": "22#25#85#88#", "tgt": "25#28#82#85#", "distance": 279.7165488932169, "delay": 49, "aut": [[0, [1, 2]], [1, [0, 0]], [2, [3, 2]], [3, [4, 0]], [4, [0, 3]]], "pit": [[0, [0.0652174, 0.934783]], [1, [0.0, 1.0]], [2, [0.0382695, 0.96173]], [3, [0.0869565, 0.913043]], [4, [0.125, 0.875]]], "gamma": 0.0332764}, "model_7#10#7#10#_25#28#82#85#_DEL_2.mod": {"src": "7#10#7#10#", "tgt": "25#28#82#85#", "distance": 5032.785122949513, "delay": 2, "aut": [[0, [0, 1]], [1, [0, 2]], [2, [0, 3]], [3, [0, 4]], [4, [-1, 3]]], "pit": [[0, [0.0, 1.0]], [1, [0.037037, 0.962963]], [2, [0.0, 1.0]], [3, [0.0562771, 0.943723]], [4, [0.0617849, 0.938215]]], "gamma": 0.0456625}, "model_22#25#67#70#_25#28#82#85#_DEL_18.mod": {"src": "22#25#67#70#", "tgt": "25#28#82#85#", "distance": 961.2520221090878, "delay": 18, "aut": [[0, [1, 2]], [1, [3, 4]], [2, [5, 6]], [3, [0, 0]], [4, [0, 7]], [5, [0, 8]], [6, [9, 2]], [7, [0, 0]], [8, [0, 3]], [9, [0, 8]]], "pit": [[0, [0.0508475, 0.949153]], [1, [0.0434783, 0.956522]], [2, [0.0512821, 0.948718]], [3, [0.0147059, 0.985294]], [4, [0.0, 1.0]], [5, [0.156863, 0.843137]], [6, [0.0344828, 0.965517]], [7, [0.0526316, 0.947368]], [8, [0.102941, 0.897059]], [9, [0.0930233, 0.906977]]], "gamma": 0.0448591}, "model_13#16#43#46#_25#28#82#85#_DEL_43.mod": {"src": "13#16#43#46#", "tgt": "25#28#82#85#", "distance": 2644.4581926565384, "delay": 43, "aut": [[0, [1, 2]], [1, [3, 4]], [2, [5, 6]], [3, [4, 4]], [4, [4, 7]], [5, [8, 4]], [6, [1, 9]], [7, [2, 10]], [8, [4, 4]], [9, [11, 12]], [10, [13, 14]], [11, [15, 4]], [12, [9, 0]], [13, [4, 4]], [14, [16, 17]], [15, [4, 4]], [16, [4, 4]], [17, [18, 19]], [18, [4, 4]], [19, [4, 3]]], "pit": [[0, [0.183962, 0.816038]], [1, [0.0, 1.0]], [2, [0.0508021, 0.949198]], [3, [0.0568384, 0.943162]], [4, [0.0270666, 0.972933]], [5, [0.219512, 0.780488]], [6, [0.0714286, 0.928571]], [7, [0.047504, 0.952496]], [8, [0.0, 1.0]], [9, [0.0961538, 0.903846]], [10, [0.037963, 0.962037]], [11, [0.28125, 0.71875]], [12, [0.0120968, 0.987903]], [13, [0.0505618, 0.949438]], [14, [0.0321508, 0.967849]], [15, [0.0, 1.0]], [16, [0.0, 1.0]], [17, [0.0961538, 0.903846]], [18, [0.0708661, 0.929134]], [19, [0.0450311, 0.954969]]], "gamma": 0.0590664}, "model_7#10#124#127#_25#28#82#85#_DEL_1.mod": {"src": "7#10#124#127#", "tgt": "25#28#82#85#", "distance": 3015.1017336501395, "delay": 1, "aut": [[0, [1, 2]], [1, [0, 3]], [2, [4, 0]], [3, [0, 5]], [4, [0, 6]], [5, [0, 7]], [6, [0, 8]], [7, [0, 9]], [8, [0, 2]], [9, [0, 10]], [10, [0, 11]], [11, [0, 8]]], "pit": [[0, [0.070122, 0.929878]], [1, [0.0930233, 0.906977]], [2, [0.0460123, 0.953988]], [3, [0.0, 1.0]], [4, [0.075, 0.925]], [5, [0.0555556, 0.944444]], [6, [0.0857143, 0.914286]], [7, [0.09375, 0.90625]], [8, [0.0, 1.0]], [9, [0.04, 0.96]], [10, [0.0416667, 0.958333]], [11, [0.0, 1.0]]], "gamma": 0.0409849}, "model_31#34#43#46#_25#28#82#85#_DEL_18.mod": {"src": "31#34#43#46#", "tgt": "25#28#82#85#", "distance": 2368.369580440805, "delay": 18, "aut": [[0, [1, 2]], [1, [3, 4]], [2, [5, 6]], [3, [7, 8]], [4, [9, 10]], [5, [5, 6]], [6, [11, 0]], [7, [12, 13]], [8, [9, 5]], [9, [1, 14]], [10, [15, 16]], [11, [5, 6]], [12, [17, 9]], [13, [9, 18]], [14, [9, 19]], [15, [20, 21]], [16, [16, 2]], [17, [-1, 9]], [18, [11, 22]], [19, [23, 9]], [20, [9, 24]], [21, [9, 24]], [22, [9, 25]], [23, [9, 9]], [24, [9, 4]], [25, [9, 9]]], "pit": [[0, [0.0472855, 0.952715]], [1, [0.0646552, 0.935345]], [2, [0.0416025, 0.958398]], [3, [0.137143, 0.862857]], [4, [0.025788, 0.974212]], [5, [0.0549759, 0.945024]], [6, [0.0220868, 0.977913]], [7, [0.0551181, 0.944882]], [8, [0.045, 0.955]], [9, [0.0402235, 0.959777]], [10, [0.0668151, 0.933185]], [11, [0.0541082, 0.945892]], [12, [0.0, 1.0]], [13, [0.0, 1.0]], [14, [0.138107, 0.861893]], [15, [0.0, 1.0]], [16, [0.144724, 0.855276]], [17, [0.0, 1.0]], [18, [0.0, 1.0]], [19, [0.145098, 0.854902]], [20, [0.084507, 0.915493]], [21, [0.0, 1.0]], [22, [0.0, 1.0]], [23, [0.0, 1.0]], [24, [0.0, 1.0]], [25, [0.259259, 0.740741]]], "gamma": 0.0568002}, "model_1#4#-77#-74#_25#28#82#85#_DEL_28.mod": {"src": "1#4#-77#-74#", "tgt": "25#28#82#85#", "distance": 9991.625142424873, "delay": 28, "aut": [[0, [0, 1]], [1, [0, 2]], [2, [0, 3]], [3, [0, 4]], [4, [0, 5]], [5, [0, 6]], [6, [0, 7]], [7, [0, 8]], [8, [0, 8]]], "pit": [[0, [0.0, 1.0]], [1, [0.0657895, 0.934211]], [2, [0.04, 0.96]], [3, [0.028169, 0.971831]], [4, [0.121212, 0.878788]], [5, [0.0847458, 0.915254]], [6, [0.0769231, 0.923077]], [7, [0.108696, 0.891304]], [8, [0.047191, 0.952809]]], "gamma": 0.0446563}, "model_22#25#91#94#_25#28#82#85#_DEL_23.mod": {"src": "22#25#91#94#", "tgt": "25#28#82#85#", "distance": 600.2903397763679, "delay": 23, "aut": [[0, [1, 2]], [1, [3, 4]], [2, [5, 0]], [3, [0, 6]], [4, [0, 7]], [5, [3, 7]], [6, [0, 4]], [7, [0, 2]]], "pit": [[0, [0.0347826, 0.965217]], [1, [0.0, 1.0]], [2, [0.068306, 0.931694]], [3, [0.047619, 0.952381]], [4, [0.114754, 0.885246]], [5, [0.027027, 0.972973]], [6, [0.05, 0.95]], [7, [0.0759494, 0.924051]]], "gamma": 0.0341866}, "model_34#37#70#73#_25#28#82#85#_DEL_41.mod": {"src": "34#37#70#73#", "tgt": "25#28#82#85#", "distance": 942.9274572103707, "delay": 41, "aut": [[0, [0, 1]], [1, [0, 2]], [2, [0, 3]], [3, [0, 4]], [4, [5, 6]], [5, [7, 0]], [6, [1, 8]], [7, [4, 0]], [8, [0, 9]], [9, [0, 3]]], "pit": [[0, [0.0412371, 0.958763]], [1, [0.0418605, 0.95814]], [2, [0.0545455, 0.945455]], [3, [0.0384615, 0.961538]], [4, [0.0869565, 0.913043]], [5, [0.0, 1.0]], [6, [0.108108, 0.891892]], [7, [0.142857, 0.857143]], [8, [0.0909091, 0.909091]], [9, [0.363636, 0.636364]]], "gamma": 0.0532695}, "model_43#46#43#46#_25#28#82#85#_DEL_37.mod": {"src": "43#46#43#46#", "tgt": "25#28#82#85#", "distance": 2488.779371023097, "delay": 37, "aut": [[0, [1, 0]], [1, [1, 2]], [2, [0, 3]], [3, [3, 4]], [4, [0, 5]], [5, [3, 3]]], "pit": [[0, [0.0864865, 0.913514]], [1, [0.0, 1.0]], [2, [0.0294118, 0.970588]], [3, [0.0766423, 0.923358]], [4, [0.030303, 0.969697]], [5, [0.04, 0.96]]], "gamma": 0.0337712}, "model_22#25#91#94#_25#28#82#85#_DEL_30.mod": {"src": "22#25#91#94#", "tgt": "25#28#82#85#", "distance": 600.2903397763679, "delay": 30, "aut": [[0, [0, 1]], [1, [0, 2]], [2, [3, 1]], [3, [0, 0]]], "pit": [[0, [0.0, 1.0]], [1, [0.0580046, 0.941995]], [2, [0.0571429, 0.942857]], [3, [0.125, 0.875]]], "gamma": 0.0418443}, "model_31#34#64#67#_25#28#82#85#_DEL_45.mod": {"src": "31#34#64#67#", "tgt": "25#28#82#85#", "distance": 1157.1895636398765, "delay": 45, "aut": [[0, [2, 3]], [1, [0, 4]], [2, [5, 5]], [3, [6, 7]], [4, [8, 9]], [5, [0, 10]], [6, [11, 12]], [7, [13, 14]], [8, [0, 0]], [9, [0, 15]], [10, [0, 16]], [11, [0, 17]], [12, [0, 18]], [13, [0, 19]], [14, [20, 21]], [15, [0, 22]], [16, [0, 4]], [17, [0, 1]], [18, [0, 23]], [19, [0, 24]], [20, [25, 25]], [21, [26, 27]], [22, [1, 0]], [23, [0, 25]], [24, [0, 28]], [25, [0, 29]], [26, [13, 1]], [27, [0, 30]], [28, [0, 31]], [29, [0, 32]], [30, [33, 34]], [31, [29, 0]], [32, [0, 0]], [33, [0, 8]], [34, [0, 35]], [35, [13, 36]], [36, [0, 30]]],