{"Q_75/model_28#30#80#82#_32#34#70#72#_DEL_80.mod": {"src": "28#30#80#82#", "tgt": "32#34#70#72#", "distance": 653.1484504066286, "delay": 80, "aut": [[0, [0, 1]], [1, [2, 0]], [2, [1, -1]]], "pit": [[0, [0.282494, 0.717506]], [1, [0.192308, 0.807692]], [2, [0.0, 1.0]]], "gamma": 0.346883}, "Q_75/model_38#40#38#40#_32#34#70#72#_DEL_65.mod": {"src": "38#40#38#40#", "tgt": "32#34#70#72#", "distance": 1826.0874273800264, "delay": 65, "aut": [[0, [0, 1]], [1, [2, 0]], [2, [2, 0]]], "pit": [[0, [0.278311, 0.721689]], [1, [0.439024, 0.560976]], [2, [0.0, 1.0]]], "gamma": 0.575982}, "Q_75/model_38#40#38#40#_32#34#70#72#_DEL_79.mod": {"src": "38#40#38#40#", "tgt": "32#34#70#72#", "distance": 1826.0874273800264, "delay": 79, "aut": [[0, [0, 1]], [1, [2, 0]], [2, [1, 0]]], "pit": [[0, [0.281371, 0.718629]], [1, [0.275, 0.725]], [2, [0.0, 1.0]]], "gamma": 0.34246}, "Q_75/model_32#34#70#72#_32#34#70#72#_DEL_1.mod": {"src": "32#34#70#72#", "tgt": "32#34#70#72#", "distance": 0.0, "delay": 1, "aut": [[0, [2, 3]], [1, [4, 5]], [2, [6, 3]], [3, [0, 7]], [4, [8, 3]], [5, [4, 1]], [6, [6, 3]], [7, [2, 9]], [8, [6, 3]], [9, [10, 11]], [10, [0, 3]], [11, [12, 1]], [12, [13, 3]], [13, [0, 3]]], "pit": [[0, [0.588235, 0.411765]], [1, [0.118932, 0.881068]], [2, [0.660194, 0.339806]], [3, [0.0, 1.0]], [4, [0.5, 0.5]], [5, [0.129477, 0.870523]], [6, [0.642308, 0.357692]], [7, [0.333333, 0.666667]], [8, [0.541667, 0.458333]], [9, [0.228916, 0.771084]], [10, [0.736842, 0.263158]], [11, [0.25, 0.75]], [12, [0.40625, 0.59375]], [13, [0.384615, 0.615385]]], "gamma": 0.220513}, "Q_75/model_32#34#20#22#_32#34#70#72#_DEL_95.mod": {"src": "32#34#20#22#", "tgt": "32#34#70#72#", "distance": 2868.6121310052918, "delay": 95, "aut": [[0, [0, 1]], [1, [0, 3]], [2, [4, 0]], [3, [5, 3]], [4, [6, 5]], [5, [7, 8]], [6, [6, 9]], [7, [10, 0]], [8, [0, 11]], [9, [0, 0]], [10, [5, 0]], [11, [0, 2]]], "pit": [[0, [0.339639, 0.660361]], [1, [0.206897, 0.793103]], [2, [0.259259, 0.740741]], [3, [0.213622, 0.786378]], [4, [0.0, 1.0]], [5, [0.209877, 0.790123]], [6, [0.0, 1.0]], [7, [0.183333, 0.816667]], [8, [0.261905, 0.738095]], [9, [0.5, 0.5]], [10, [0.186813, 0.813187]], [11, [0.261905, 0.738095]]], "gamma": 0.285273}}