{"model_16#19#79#82#_25#28#82#85#_DEL_12.mod": {"src": "16#19#79#82#", "tgt": "25#28#82#85#", "distance": 650.7733015969175, "delay": 12, "aut": [[0, [0, 1]], [1, [2, 3]], [2, [0, 0]], [3, [0, 0]]], "pit": [[0, [0.0538244, 0.946176]], [1, [0.0566038, 0.943396]], [2, [0.0, 1.0]], [3, [0.0598592, 0.940141]]], "gamma": 0.0101272}, "model_-2#1#40#43#_25#28#82#85#_DEL_28.mod": {"src": "-2#1#40#43#", "tgt": "25#28#82#85#", "distance": 3358.805807833993, "delay": 28, "aut": [[0, [0, 1]], [1, [0, 2]], [2, [0, 1]]], "pit": [[0, [0.0, 1.0]], [1, [0.0590717, 0.940928]], [2, [0.0547046, 0.945295]]], "gamma": 0.0101327}, "model_40#43#46#49#_25#28#82#85#_DEL_7.mod": {"src": "40#43#46#49#", "tgt": "25#28#82#85#", "distance": 2285.55510488632, "delay": 7, "aut": [[0, [1, 2]], [1, [0, 3]], [2, [3, 4]], [3, [0, 0]], [4, [3, 4]]], "pit": [[0, [0.0625, 0.9375]], [1, [0.5, 0.5]], [2, [0.0454545, 0.954545]], [3, [0.0720721, 0.927928]], [4, [0.0500759, 0.949924]]], "gamma": 0.0100198}, "model_31#34#43#46#_25#28#82#85#_DEL_11.mod": {"src": "31#34#43#46#", "tgt": "25#28#82#85#", "distance": 2368.369580440805, "delay": 11, "aut": [[0, [0, 1]], [1, [2, 0]], [2, [0, 0]]], "pit": [[0, [0.0553571, 0.944643]], [1, [0.0401235, 0.959877]], [2, [0.0943396, 0.90566]]], "gamma": 0.0100333}, "model_40#43#19#22#_25#28#82#85#_DEL_4.mod": {"src": "40#43#19#22#", "tgt": "25#28#82#85#", "distance": 3671.16133688619, "delay": 4, "aut": [[0, [-1, 1]], [1, [-1, 0]]], "pit": [[0, [0.0725806, 0.927419]], [1, [0.0363636, 0.963636]]], "gamma": 0.0102027}, "model_4#7#100#103#_25#28#82#85#_DEL_44.mod": {"src": "4#7#100#103#", "tgt": "25#28#82#85#", "distance": 1874.443022516391, "delay": 44, "aut": [[0, [1, 0]], [1, [1, 0]]], "pit": [[0, [0.0616438, 0.938356]], [1, [0.030837, 0.969163]]], "gamma": 0.0101502}, "model_28#31#46#49#_25#28#82#85#_DEL_28.mod": {"src": "28#31#46#49#", "tgt": "25#28#82#85#", "distance": 2197.332026669962, "delay": 28, "aut": [[0, [-1, 1]], [1, [-1, 0]]], "pit": [[0, [0.0718686, 0.928131]], [1, [0.037037, 0.962963]]], "gamma": 0.0101465}, "model_28#31#46#49#_25#28#82#85#_DEL_34.mod": {"src": "28#31#46#49#", "tgt": "25#28#82#85#", "distance": 2197.332026669962, "delay": 34, "aut": [[0, [-1, 1]], [1, [-1, 0]]], "pit": [[0, [0.072314, 0.927686]], [1, [0.0372671, 0.962733]]], "gamma": 0.0101784}, "model_22#25#67#70#_25#28#82#85#_DEL_28.mod": {"src": "22#25#67#70#", "tgt": "25#28#82#85#", "distance": 961.2520221090878, "delay": 28, "aut": [[0, [1, 0]], [1, [2, 0]], [2, [0, 0]]], "pit": [[0, [0.0493218, 0.950678]], [1, [0.0634921, 0.936508]], [2, [0.138889, 0.861111]]], "gamma": 0.0100653}, "model_31#34#64#67#_25#28#82#85#_DEL_24.mod": {"src": "31#34#64#67#", "tgt": "25#28#82#85#", "distance": 1157.1895636398765, "delay": 24, "aut": [[0, [0, 1]], [1, [0, 1]]], "pit": [[0, [0.0305677, 0.969432]], [1, [0.0614973, 0.938503]]], "gamma": 0.0101138}}