{"Q_49/model_32#34#70#72#_28#30#66#68#_DEL_129.mod": {"src": "32#34#70#72#", "tgt": "28#30#66#68#", "distance": 363.9358545673118, "delay": 129, "aut": [[0, [1, 2]], [1, [3, 4]], [2, [5, 6]], [3, [7, 8]], [4, [-1, 0]], [5, [1, 9]], [6, [5, 10]], [7, [11, 8]], [8, [-1, 5]], [9, [-1, 12]], [10, [13, 10]], [11, [11, 7]], [12, [8, 12]], [13, [1, 2]]], "pit": [[0, [1.0, 0.0]], [1, [1.0, 0.0]], [2, [1.0, 0.0]], [3, [1.0, 0.0]], [4, [1.0, 0.0]], [5, [0.771883, 0.228117]], [6, [1.0, 0.0]], [7, [1.0, 0.0]], [8, [0.771277, 0.228723]], [9, [0.715054, 0.284946]], [10, [1.0, 0.0]], [11, [1.0, 0.0]], [12, [0.731872, 0.268128]], [13, [1.0, 0.0]]], "gamma": 0.66648}, "Q_49/model_36#38#42#44#_28#30#66#68#_DEL_82.mod": {"src": "36#38#42#44#", "tgt": "28#30#66#68#", "distance": 1491.3085789042816, "delay": 82, "aut": [[0, [1, 2]], [1, [3, 4]], [2, [5, 6]], [3, [7, 8]], [4, [-1, 9]], [5, [10, 11]], [6, [5, 12]], [7, [13, 14]], [8, [-1, 15]], [9, [16, 17]], [10, [14, 18]], [11, [-1, 19]], [12, [20, 21]], [13, [10, 8]], [14, [-1, 17]], [15, [22, 23]], [16, [24, 25]], [17, [26, 20]], [18, [-1, 7]], [19, [27, 0]], [20, [28, 10]], [21, [29, 30]], [22, [31, 5]], [23, [32, 4]], [24, [33, 11]], [25, [-1, 34]], [26, [22, 5]], [27, [10, 34]], [28, [35, 36]], [29, [37, 7]], [30, [38, 39]], [31, [40, 41]], [32, [9, 14]], [33, [42, 43]], [34, [41, 5]], [35, [29, 44]], [36, [-1, 45]], [37, [46, 9]], [38, [47, 10]], [39, [48, 49]], [40, [50, 51]], [41, [-1, 42]], [42, [52, 51]], [43, [-1, 3]], [44, [-1, 53]], [45, [51, 54]], [46, [3, 55]], [47, [56, 10]], [48, [57, 58]], [49, [39, 59]], [50, [60, 51]], [51, [-1, 61]], [52, [17, 51]], [53, [62, 10]], [54, [5, 36]], [55, [-1, 63]], [56, [64, 51]], [57, [65, 55]], [58, [-1, 12]], [59, [23, 66]], [60, [67, 51]], [61, [34, 68]], [62, [36, 41]], [63, [41, 5]], [64, [14, 51]], [65, [69, 51]], [66, [53, 70]], [67, [71, 51]], [68, [68, 72]], [69, [36, 51]], [70, [41, 73]], [71, [69, 5]], [72, [51, 68]], [73, [21, 73]]], "pit": [[0, [0.95, 0.05]], [1, [1.0, 0.0]], [2, [0.9375, 0.0625]], [3, [1.0, 0.0]], [4, [1.0, 0.0]], [5, [0.914894, 0.0851064]], [6, [1.0, 0.0]], [7, [0.831461, 0.168539]], [8, [1.0, 0.0]], [9, [1.0, 0.0]], [10, [0.985401, 0.0145985]], [11, [1.0, 0.0]], [12, [1.0, 0.0]], [13, [1.0, 0.0]], [14, [0.864865, 0.135135]], [15, [1.0, 0.0]], [16, [1.0, 0.0]], [17, [0.887574, 0.112426]], [18, [0.87013, 0.12987]], [19, [1.0, 0.0]], [20, [0.981982, 0.018018]], [21, [1.0, 0.0]], [22, [0.746032, 0.253968]], [23, [1.0, 0.0]], [24, [1.0, 0.0]], [25, [1.0, 0.0]], [26, [0.803279, 0.196721]], [27, [1.0, 0.0]], [28, [0.956522, 0.0434783]], [29, [1.0, 0.0]], [30, [1.0, 0.0]], [31, [0.854839, 0.145161]], [32, [1.0, 0.0]], [33, [1.0, 0.0]], [34, [1.0, 0.0]], [35, [1.0, 0.0]], [36, [1.0, 0.0]], [37, [1.0, 0.0]], [38, [1.0, 0.0]], [39, [1.0, 0.0]], [40, [1.0, 0.0]], [41, [1.0, 0.0]], [42, [1.0, 0.0]], [43, [1.0, 0.0]], [44, [1.0, 0.0]], [45, [0.952381, 0.047619]], [46, [1.0, 0.0]], [47, [1.0, 0.0]], [48, [1.0, 0.0]], [49, [1.0, 0.0]], [50, [1.0, 0.0]], [51, [0.746552, 0.253448]], [52, [1.0, 0.0]], [53, [1.0, 0.0]], [54, [1.0, 0.0]], [55, [1.0, 0.0]], [56, [1.0, 0.0]], [57, [1.0, 0.0]], [58, [1.0, 0.0]], [59, [1.0, 0.0]], [60, [1.0, 0.0]], [61, [0.750462, 0.249538]], [62, [1.0, 0.0]], [63, [0.636364, 0.363636]], [64, [1.0, 0.0]], [65, [1.0, 0.0]], [66, [1.0, 0.0]], [67, [1.0, 0.0]], [68, [0.762327, 0.237673]], [69, [1.0, 0.0]], [70, [1.0, 0.0]], [71, [1.0, 0.0]], [72, [0.73334, 0.26666]], [73, [1.0, 0.0]]], "gamma": 0.615845}, "Q_49/model_28#30#80#82#_28#30#66#68#_DEL_123.mod": {"src": "28#30#80#82#", "tgt": "28#30#66#68#", "distance": 845.5282372283328, "delay": 123, "aut": [[0, [0, 1]], [1, [2, 0]], [2, [3, 0]], [3, [1, 0]]], "pit": [[0, [0.756241, 0.243759]], [1, [0.791667, 0.208333]], [2, [0.0, 1.0]], [3, [0.0, 1.0]]], "gamma": 0.545365}, "Q_49/model_28#30#80#82#_28#30#66#68#_DEL_29.mod": {"src": "28#30#80#82#", "tgt": "28#30#66#68#", "distance": 845.5282372283328, "delay": 29, "aut": [[0, [0, 1]], [1, [2, 0]], [2, [3, 0]], [3, [1, 0]]], "pit": [[0, [0.759831, 0.240169]], [1, [0.84, 0.16]], [2, [1.0, 0.0]], [3, [1.0, 0.0]]], "gamma": 0.577368}, "Q_49/model_28#30#66#68#_28#30#66#68#_DEL_1.mod": {"src": "28#30#66#68#", "tgt": "28#30#66#68#", "distance": 0.0, "delay": 1, "aut": [[0, [1, 2]], [1, [1, 3]], [2, [4, 5]], [3, [-1, 0]], [4, [6, 3]], [5, [4, 2]], [6, [7, 3]], [7, [1, 3]]], "pit": [[0, [0.765, 0.235]], [1, [0.886598, 0.113402]], [2, [0.36, 0.64]], [3, [0.0, 1.0]], [4, [0.829787, 0.170213]], [5, [0.416667, 0.583333]], [6, [0.794872, 0.205128]], [7, [0.774194, 0.225806]]], "gamma": 0.336772}}