{"Q_102/model_4#6#44#46#_38#40#40#42#_DEL_156.mod": {"src": "4#6#44#46#", "tgt": "38#40#40#42#", "distance": 2362.490054982631, "delay": 156, "aut": [[0, [0, 1]], [1, [2, 0]], [2, [3, 0]], [3, [4, 0]], [4, [1, 0]]], "pit": [[0, [0.917751, 0.0822488]], [1, [0.975309, 0.0246914]], [2, [1.0, 0.0]], [3, [1.0, 0.0]], [4, [1.0, 0.0]]], "gamma": 0.670401}, "Q_102/model_16#18#42#44#_38#40#40#42#_DEL_177.mod": {"src": "16#18#42#44#", "tgt": "38#40#40#42#", "distance": 1524.829875115107, "delay": 177, "aut": [[0, [1, 2]], [1, [1, 3]], [2, [3, 4]], [3, [-1, 5]], [4, [3, 0]], [5, [2, 6]], [6, [6, 7]], [7, [4, 6]]], "pit": [[0, [1.0, 0.0]], [1, [1.0, 0.0]], [2, [1.0, 0.0]], [3, [1.0, 0.0]], [4, [1.0, 0.0]], [5, [0.8, 0.2]], [6, [0.92381, 0.0761905]], [7, [0.782609, 0.217391]]], "gamma": 0.707898}, "Q_102/model_28#30#80#82#_38#40#40#42#_DEL_107.mod": {"src": "28#30#80#82#", "tgt": "38#40#40#42#", "distance": 2372.089865732739, "delay": 107, "aut": [[0, [0, 1]], [1, [2, 0]], [2, [1, -1]]], "pit": [[0, [0.922292, 0.0777076]], [1, [1.0, 0.0]], [2, [1.0, 0.0]]], "gamma": 0.593962}, "Q_102/model_4#6#44#46#_38#40#40#42#_DEL_193.mod": {"src": "4#6#44#46#", "tgt": "38#40#40#42#", "distance": 2362.490054982631, "delay": 193, "aut": [[0, [0, 1]], [1, [2, 0]], [2, [3, 0]], [3, [4, 0]], [4, [5, 0]], [5, [6, 0]], [6, [7, 0]], [7, [8, 0]], [8, [9, 0]], [9, [10, 0]], [10, [1, 0]]], "pit": [[0, [0.91879, 0.0812102]], [1, [0.905405, 0.0945946]], [2, [1.0, 0.0]], [3, [1.0, 0.0]], [4, [1.0, 0.0]], [5, [1.0, 0.0]], [6, [1.0, 0.0]], [7, [1.0, 0.0]], [8, [1.0, 0.0]], [9, [1.0, 0.0]], [10, [1.0, 0.0]]], "gamma": 0.732317}, "Q_102/model_10#12#48#50#_38#40#40#42#_DEL_65.mod": {"src": "10#12#48#50#", "tgt": "38#40#40#42#", "distance": 1996.313999062921, "delay": 65, "aut": [[0, [0, 1]], [1, [2, 0]], [2, [1, 0]]], "pit": [[0, [0.99511, 0.00488998]], [1, [0.909714, 0.0902857]], [2, [0.906287, 0.0937129]]], "gamma": 0.626537}}