{"_36.02041#37.10204#0.32653#2.36735#VAR_36.02041#37.10204#41.14286#43.18367#Bombing_Explosion-Facility_Infrastructure_Attack_DEL_5.mod":{"aut":[[0,[0,1]],[1,[-1,0]]],"delay":5,"gamma":1.0,"pit":[[0,[1.0,0.0]],[1,[0.0,1.0]]],"src":"36.02041#37.10204#0.32653#2.36735#VAR","tgt":"36.02041#37.10204#41.14286#43.18367#Bombing_Explosion-Facility_Infrastructure_Attack"},"_36.02041#37.10204#0.32653#2.36735#VAR_36.02041#37.10204#41.14286#43.18367#Bombing_Explosion-Facility_Infrastructure_Attack_DEL_8.mod":{"aut":[[0,[0,1]],[1,[2,2]],[2,[2,0]]],"delay":8,"gamma":0.0725768676432137,"pit":[[0,[1.0,0.0]],[1,[0.9803921573740594,0.019607842625940577]],[2,[0.9981938591243756,0.0018061408756243616]]],"src":"36.02041#37.10204#0.32653#2.36735#VAR","tgt":"36.02041#37.10204#41.14286#43.18367#Bombing_Explosion-Facility_Infrastructure_Attack"},"_36.02041#37.10204#2.36735#4.40816#Armed_Assault-Hostage_Taking_Barricade_Incident-Hijacking-Assassination-Hostage_Taking_Kidnapping__36.02041#37.10204#41.14286#43.18367#Bombing_Explosion-Facility_Infrastructure_Attack_DEL_6.mod":{"aut":[[0,[1,0]],[1,[2,0]],[2,[3,0]],[3,[3,0]]],"delay":6,"gamma":0.07294158196689438,"pit":[[0,[1.0,0.0]],[1,[0.9922480620155039,0.007751937984496124]],[2,[0.9909909908231851,0.009009009176814877]],[3,[0.9983922829866482,0.0016077170133518828]]],"src":"36.02041#37.10204#2.36735#4.40816#Armed_Assault-Hostage_Taking_Barricade_Incident-Hijacking-Assassination-Hostage_Taking_Kidnapping_","tgt":"36.02041#37.10204#41.14286#43.18367#Bombing_Explosion-Facility_Infrastructure_Attack"},"_36.02041#37.10204#41.14286#43.18367#Bombing_Explosion-Facility_Infrastructure_Attack_36.02041#37.10204#41.14286#43.18367#Bombing_Explosion-Facility_Infrastructure_Attack_DEL_3.mod":{"aut":[[0,[0,1]],[1,[-1,0]]],"delay":3,"gamma":0.219787760285158,"pit":[[0,[0.9983534578155495,0.0016465421844504865]],[1,[0.0,1.0]]],"src":"36.02041#37.10204#41.14286#43.18367#Bombing_Explosion-Facility_Infrastructure_Attack","tgt":"36.02041#37.10204#41.14286#43.18367#Bombing_Explosion-Facility_Infrastructure_Attack"},"_36.02041#37.10204#41.14286#43.18367#VAR_36.02041#37.10204#41.14286#43.18367#Bombing_Explosion-Facility_Infrastructure_Attack_DEL_3.mod":{"aut":[[0,[0,1]],[1,[-1,0]]],"delay":3,"gamma":0.21984511559820585,"pit":[[0,[0.9983525535182282,0.0016474464817718276]],[1,[0.0,1.0]]],"src":"36.02041#37.10204#41.14286#43.18367#VAR","tgt":"36.02041#37.10204#41.14286#43.18367#Bombing_Explosion-Facility_Infrastructure_Attack"},"_36.02041#37.10204#43.18367#45.22449#Bombing_Explosion-Facility_Infrastructure_Attack_36.02041#37.10204#41.14286#43.18367#Bombing_Explosion-Facility_Infrastructure_Attack_DEL_4.mod":{"aut":[[0,[0,1]],[1,[-1,0]]],"delay":4,"gamma":0.21989887865258173,"pit":[[0,[0.9983507421522013,0.0016492578477986309]],[1,[0.0,1.0]]],"src":"36.02041#37.10204#43.18367#45.22449#Bombing_Explosion-Facility_Infrastructure_Attack","tgt":"36.02041#37.10204#41.14286#43.18367#Bombing_Explosion-Facility_Infrastructure_Attack"},"_36.02041#37.10204#43.18367#45.22449#VAR_36.02041#37.10204#41.14286#43.18367#Bombing_Explosion-Facility_Infrastructure_Attack_DEL_1.mod":{"aut":[[0,[0,1]],[1,[0,2]],[2,[0,0]]],"delay":1,"gamma":0.2542302016555519,"pit":[[0,[0.9988974641627081,0.0011025358372919317]],[1,[0.8333333358168601,0.1666666641831399]],[2,[0.8333333358168601,0.1666666641831399]]],"src":"36.02041#37.10204#43.18367#45.22449#VAR","tgt":"36.02041#37.10204#41.14286#43.18367#Bombing_Explosion-Facility_Infrastructure_Attack"},"_36.02041#37.10204#43.18367#45.22449#VAR_36.02041#37.10204#41.14286#43.18367#Bombing_Explosion-Facility_Infrastructure_Attack_DEL_4.mod":{"aut":[[0,[0,1]],[1,[-1,0]]],"delay":4,"gamma":1.0,"pit":[[0,[1.0,0.0]],[1,[0.0,1.0]]],"src":"36.02041#37.10204#43.18367#45.22449#VAR","tgt":"36.02041#37.10204#41.14286#43.18367#Bombing_Explosion-Facility_Infrastructure_Attack"},"_37.10204#38.18367#39.10204#41.14286#VAR_36.02041#37.10204#41.14286#43.18367#Bombing_Explosion-Facility_Infrastructure_Attack_DEL_9.mod":{"aut":[[0,[0,1]],[1,[-1,0]]],"delay":9,"gamma":0.1032105762045602,"pit":[[0,[0.9980250163613239,0.0019749836386760825]],[1,[0.0,1.0]]],"src":"37.10204#38.18367#39.10204#41.14286#VAR","tgt":"36.02041#37.10204#41.14286#43.18367#Bombing_Explosion-Facility_Infrastructure_Attack"},"_40.34694#41.42857#28.89796#30.93878#Bombing_Explosion-Facility_Infrastructure_Attack_36.02041#37.10204#41.14286#43.18367#Bombing_Explosion-Facility_Infrastructure_Attack_DEL_0.mod":{"aut":[[0,[0,1]],[1,[-1,0]]],"delay":0,"gamma":1.0,"pit":[[0,[1.0,0.0]],[1,[0.0,1.0]]],"src":"40.34694#41.42857#28.89796#30.93878#Bombing_Explosion-Facility_Infrastructure_Attack","tgt":"36.02041#37.10204#41.14286#43.18367#Bombing_Explosion-Facility_Infrastructure_Attack"},"_40.34694#41.42857#28.89796#30.93878#Bombing_Explosion-Facility_Infrastructure_Attack_36.02041#37.10204#41.14286#43.18367#Bombing_Explosion-Facility_Infrastructure_Attack_DEL_4.mod":{"aut":[[0,[1,0]],[1,[1,0]]],"delay":4,"gamma":0.012924899087722652,"pit":[[0,[1.0,0.0]],[1,[0.9975918121187354,0.00240818788126461]]],"src":"40.34694#41.42857#28.89796#30.93878#Bombing_Explosion-Facility_Infrastructure_Attack","tgt":"36.02041#37.10204#41.14286#43.18367#Bombing_Explosion-Facility_Infrastructure_Attack"},"_40.34694#41.42857#28.89796#30.93878#Bombing_Explosion-Facility_Infrastructure_Attack_36.02041#37.10204#41.14286#43.18367#Bombing_Explosion-Facility_Infrastructure_Attack_DEL_6.mod":{"aut":[[0,[0,1]],[1,[1,2]],[2,[1,3]],[3,[4,0]],[4,[5,0]],[5,[0,0]]],"delay":6,"gamma":0.31962744226413875,"pit":[[0,[1.0,0.0]],[1,[1.0,0.0]],[2,[0.9852941173868364,0.014705882613163664]],[3,[0.9750000002328306,0.02499999976716936]],[4,[0.9696969696969697,0.030303030303030304]],[5,[0.966666666045785,0.033333333954215026]]],"src":"40.34694#41.42857#28.89796#30.93878#Bombing_Explosion-Facility_Infrastructure_Attack","tgt":"36.02041#37.10204#41.14286#43.18367#Bombing_Explosion-Facility_Infrastructure_Attack"},"_40.34694#41.42857#28.89796#30.93878#VAR_36.02041#37.10204#41.14286#43.18367#Bombing_Explosion-Facility_Infrastructure_Attack_DEL_6.mod":{"aut":[[0,[0,1]],[1,[1,2]],[2,[1,3]],[3,[4,0]],[4,[5,0]],[5,[0,0]]],"delay":6,"gamma":0.11406725245112959,"pit":[[0,[0.9967811158693359,0.003218884130664042]],[1,[1.0,0.0]],[2,[1.0,0.0]],[3,[0.9824561403508771,0.017543859649122806]],[4,[1.0,0.0]],[5,[1.0,0.0]]],"src":"40.34694#41.42857#28.89796#30.93878#VAR","tgt":"36.02041#37.10204#41.14286#43.18367#Bombing_Explosion-Facility_Infrastructure_Attack"},"_42.5102#43.59184#-3.7551#-1.71429#Bombing_Explosion-Facility_Infrastructure_Attack_36.02041#37.10204#41.14286#43.18367#Bombing_Explosion-Facility_Infrastructure_Attack_DEL_0.mod":{"aut":[[0,[1,0]],[1,[2,0]],[2,[3,0]],[3,[4,0]],[4,[0,0]]],"delay":0,"gamma":0.03905621216592803,"pit":[[0,[1.0,0.0]],[1,[0.9972602738960556,0.0027397261039443215]],[2,[0.9971098266649625,0.0028901733350374798]],[3,[0.9970326409716634,0.0029673590283365563]],[4,[0.9969230769574642,0.0030769230425357823]]],"src":"42.5102#43.59184#-3.7551#-1.71429#Bombing_Explosion-Facility_Infrastructure_Attack","tgt":"36.02041#37.10204#41.14286#43.18367#Bombing_Explosion-Facility_Infrastructure_Attack"},"_42.5102#43.59184#-3.7551#-1.71429#Bombing_Explosion-Facility_Infrastructure_Attack_36.02041#37.10204#41.14286#43.18367#Bombing_Explosion-Facility_Infrastructure_Attack_DEL_1.mod":{"aut":[[0,[0,1]],[1,[2,3]],[2,[2,0]],[3,[2,4]],[4,[5,6]],[5,[6,0]],[6,[7,0]],[7,[8,0]],[8,[9,0]],[9,[0,-1]]],"delay":1,"gamma":0.6416480638441029,"pit":[[0,[1.0,0.0]],[1,[1.0,0.0]],[2,[1.0,0.0]],[3,[1.0,0.0]],[4,[0.8333333358168601,0.1666666641831399]],[5,[0.8,0.2]],[6,[0.8,0.2]],[7,[0.8,0.2]],[8,[1.0,0.0]],[9,[1.0,0.0]]],"src":"42.5102#43.59184#-3.7551#-1.71429#Bombing_Explosion-Facility_Infrastructure_Attack","tgt":"36.02041#37.10204#41.14286#43.18367#Bombing_Explosion-Facility_Infrastructure_Attack"},