{"_1.40816#2.4898#45.22449#47.26531#Armed_Assault-Hostage_Taking_Barricade_Incident-Hijacking-Assassination-Hostage_Taking_Kidnapping__12.22449#13.30612#43.18367#45.22449#Armed_Assault-Hostage_Taking_Barricade_Incident-Hijacking-Assassination-Hostage_Taking_Kidnapping__DEL_4.mod":{"aut":[[0,[0,1]],[1,[-1,0]]],"delay":4,"gamma":0.45611473382117307,"pit":[[0,[0.9994472083988285,0.0005527916011715082]],[1,[0.0,1.0]]],"src":"1.40816#2.4898#45.22449#47.26531#Armed_Assault-Hostage_Taking_Barricade_Incident-Hijacking-Assassination-Hostage_Taking_Kidnapping_","tgt":"12.22449#13.30612#43.18367#45.22449#Armed_Assault-Hostage_Taking_Barricade_Incident-Hijacking-Assassination-Hostage_Taking_Kidnapping_"},"_1.40816#2.4898#45.22449#47.26531#VAR_12.22449#13.30612#43.18367#45.22449#Armed_Assault-Hostage_Taking_Barricade_Incident-Hijacking-Assassination-Hostage_Taking_Kidnapping__DEL_1.mod":{"aut":[[0,[1,0]],[1,[2,0]],[2,[0,0]]],"delay":1,"gamma":0.05359529200142854,"pit":[[0,[1.0,0.0]],[1,[0.9983333332956924,0.0016666667043076207]],[2,[0.9983164983037592,0.0016835016962407343]]],"src":"1.40816#2.4898#45.22449#47.26531#VAR","tgt":"12.22449#13.30612#43.18367#45.22449#Armed_Assault-Hostage_Taking_Barricade_Incident-Hijacking-Assassination-Hostage_Taking_Kidnapping_"},"_1.40816#2.4898#45.22449#47.26531#VAR_12.22449#13.30612#43.18367#45.22449#Armed_Assault-Hostage_Taking_Barricade_Incident-Hijacking-Assassination-Hostage_Taking_Kidnapping__DEL_4.mod":{"aut":[[0,[0,1]],[1,[-1,0]]],"delay":4,"gamma":0.45649959334650014,"pit":[[0,[0.9994438264667377,0.0005561735332623393]],[1,[0.0,1.0]]],"src":"1.40816#2.4898#45.22449#47.26531#VAR","tgt":"12.22449#13.30612#43.18367#45.22449#Armed_Assault-Hostage_Taking_Barricade_Incident-Hijacking-Assassination-Hostage_Taking_Kidnapping_"},"_12.22449#13.30612#43.18367#45.22449#Armed_Assault-Hostage_Taking_Barricade_Incident-Hijacking-Assassination-Hostage_Taking_Kidnapping__12.22449#13.30612#43.18367#45.22449#Armed_Assault-Hostage_Taking_Barricade_Incident-Hijacking-Assassination-Hostage_Taking_Kidnapping__DEL_1.mod":{"aut":[[0,[0,1]],[1,[-1,0]]],"delay":1,"gamma":0.4556735646059177,"pit":[[0,[0.9994520547914587,0.0005479452085413345]],[1,[0.0,1.0]]],"src":"12.22449#13.30612#43.18367#45.22449#Armed_Assault-Hostage_Taking_Barricade_Incident-Hijacking-Assassination-Hostage_Taking_Kidnapping_","tgt":"12.22449#13.30612#43.18367#45.22449#Armed_Assault-Hostage_Taking_Barricade_Incident-Hijacking-Assassination-Hostage_Taking_Kidnapping_"},"_12.22449#13.30612#43.18367#45.22449#VAR_12.22449#13.30612#43.18367#45.22449#Armed_Assault-Hostage_Taking_Barricade_Incident-Hijacking-Assassination-Hostage_Taking_Kidnapping__DEL_1.mod":{"aut":[[0,[0,1]],[1,[-1,0]]],"delay":1,"gamma":0.45584913038302366,"pit":[[0,[0.9994505494660608,0.0005494505339391684]],[1,[0.0,1.0]]],"src":"12.22449#13.30612#43.18367#45.22449#VAR","tgt":"12.22449#13.30612#43.18367#45.22449#Armed_Assault-Hostage_Taking_Barricade_Incident-Hijacking-Assassination-Hostage_Taking_Kidnapping_"},"_13.30612#14.38776#43.18367#45.22449#Bombing_Explosion-Facility_Infrastructure_Attack_12.22449#13.30612#43.18367#45.22449#Armed_Assault-Hostage_Taking_Barricade_Incident-Hijacking-Assassination-Hostage_Taking_Kidnapping__DEL_3.mod":{"aut":[[0,[0,1]],[1,[-1,0]]],"delay":3,"gamma":0.45570503441096366,"pit":[[0,[0.9994511525771869,0.0005488474228131584]],[1,[0.0,1.0]]],"src":"13.30612#14.38776#43.18367#45.22449#Bombing_Explosion-Facility_Infrastructure_Attack","tgt":"12.22449#13.30612#43.18367#45.22449#Armed_Assault-Hostage_Taking_Barricade_Incident-Hijacking-Assassination-Hostage_Taking_Kidnapping_"},"_13.30612#14.38776#43.18367#45.22449#VAR_12.22449#13.30612#43.18367#45.22449#Armed_Assault-Hostage_Taking_Barricade_Incident-Hijacking-Assassination-Hostage_Taking_Kidnapping__DEL_3.mod":{"aut":[[0,[0,1]],[1,[-1,0]]],"delay":3,"gamma":0.455809518496909,"pit":[[0,[0.9994502473959711,0.0005497526040289465]],[1,[0.0,1.0]]],"src":"13.30612#14.38776#43.18367#45.22449#VAR","tgt":"12.22449#13.30612#43.18367#45.22449#Armed_Assault-Hostage_Taking_Barricade_Incident-Hijacking-Assassination-Hostage_Taking_Kidnapping_"},"_14.38776#15.46939#43.18367#45.22449#Armed_Assault-Hostage_Taking_Barricade_Incident-Hijacking-Assassination-Hostage_Taking_Kidnapping__12.22449#13.30612#43.18367#45.22449#Armed_Assault-Hostage_Taking_Barricade_Incident-Hijacking-Assassination-Hostage_Taking_Kidnapping__DEL_4.mod":{"aut":[[0,[0,1]],[1,[-1,0]]],"delay":4,"gamma":0.45594056949772077,"pit":[[0,[0.9994487320898574,0.000551267910142642]],[1,[0.0,1.0]]],"src":"14.38776#15.46939#43.18367#45.22449#Armed_Assault-Hostage_Taking_Barricade_Incident-Hijacking-Assassination-Hostage_Taking_Kidnapping_","tgt":"12.22449#13.30612#43.18367#45.22449#Armed_Assault-Hostage_Taking_Barricade_Incident-Hijacking-Assassination-Hostage_Taking_Kidnapping_"},"_24.12245#25.20408#65.63265#67.67347#Armed_Assault-Hostage_Taking_Barricade_Incident-Hijacking-Assassination-Hostage_Taking_Kidnapping__12.22449#13.30612#43.18367#45.22449#Armed_Assault-Hostage_Taking_Barricade_Incident-Hijacking-Assassination-Hostage_Taking_Kidnapping__DEL_7.mod":{"aut":[[0,[0,1]],[1,[-1,0]]],"delay":7,"gamma":1.0,"pit":[[0,[1.0,0.0]],[1,[0.0,1.0]]],"src":"24.12245#25.20408#65.63265#67.67347#Armed_Assault-Hostage_Taking_Barricade_Incident-Hijacking-Assassination-Hostage_Taking_Kidnapping_","tgt":"12.22449#13.30612#43.18367#45.22449#Armed_Assault-Hostage_Taking_Barricade_Incident-Hijacking-Assassination-Hostage_Taking_Kidnapping_"},"_32.77551#33.85714#43.18367#45.22449#Armed_Assault-Hostage_Taking_Barricade_Incident-Hijacking-Assassination-Hostage_Taking_Kidnapping__12.22449#13.30612#43.18367#45.22449#Armed_Assault-Hostage_Taking_Barricade_Incident-Hijacking-Assassination-Hostage_Taking_Kidnapping__DEL_7.mod":{"aut":[[0,[0,1]],[1,[-1,0]]],"delay":7,"gamma":0.45582683565217974,"pit":[[0,[0.9994487320898574,0.000551267910142642]],[1,[0.0,1.0]]],"src":"32.77551#33.85714#43.18367#45.22449#Armed_Assault-Hostage_Taking_Barricade_Incident-Hijacking-Assassination-Hostage_Taking_Kidnapping_","tgt":"12.22449#13.30612#43.18367#45.22449#Armed_Assault-Hostage_Taking_Barricade_Incident-Hijacking-Assassination-Hostage_Taking_Kidnapping_"},"_32.77551#33.85714#43.18367#45.22449#VAR_12.22449#13.30612#43.18367#45.22449#Armed_Assault-Hostage_Taking_Barricade_Incident-Hijacking-Assassination-Hostage_Taking_Kidnapping__DEL_7.mod":{"aut":[[0,[0,1]],[1,[-1,0]]],"delay":7,"gamma":0.4563434353070869,"pit":[[0,[0.9994441356345946,0.0005558643654054067]],[1,[0.0,1.0]]],"src":"32.77551#33.85714#43.18367#45.22449#VAR","tgt":"12.22449#13.30612#43.18367#45.22449#Armed_Assault-Hostage_Taking_Barricade_Incident-Hijacking-Assassination-Hostage_Taking_Kidnapping_"},"_32.77551#33.85714#73.79592#75.83673#Armed_Assault-Hostage_Taking_Barricade_Incident-Hijacking-Assassination-Hostage_Taking_Kidnapping__12.22449#13.30612#43.18367#45.22449#Armed_Assault-Hostage_Taking_Barricade_Incident-Hijacking-Assassination-Hostage_Taking_Kidnapping__DEL_6.mod":{"aut":[[0,[0,1]],[1,[-1,0]]],"delay":6,"gamma":0.4563847787484122,"pit":[[0,[0.9994441356345946,0.0005558643654054067]],[1,[0.0,1.0]]],"src":"32.77551#33.85714#73.79592#75.83673#Armed_Assault-Hostage_Taking_Barricade_Incident-Hijacking-Assassination-Hostage_Taking_Kidnapping_","tgt":"12.22449#13.30612#43.18367#45.22449#Armed_Assault-Hostage_Taking_Barricade_Incident-Hijacking-Assassination-Hostage_Taking_Kidnapping_"},"_33.85714#34.93878#73.79592#75.83673#VAR_12.22449#13.30612#43.18367#45.22449#Armed_Assault-Hostage_Taking_Barricade_Incident-Hijacking-Assassination-Hostage_Taking_Kidnapping__DEL_7.mod":{"aut":[[0,[0,1]],[1,[-1,0]]],"delay":7,"gamma":1.0,"pit":[[0,[1.0,0.0]],[1,[0.0,1.0]]],"src":"33.85714#34.93878#73.79592#75.83673#VAR","tgt":"12.22449#13.30612#43.18367#45.22449#Armed_Assault-Hostage_Taking_Barricade_Incident-Hijacking-Assassination-Hostage_Taking_Kidnapping_"},