{"_-4.0#-2.91837#28.89796#30.93878#VAR_31.69388#32.77551#69.71429#71.7551#Armed_Assault-Hostage_Taking_Barricade_Incident-Hijacking-Assassination-Hostage_Taking_Kidnapping__DEL_0.mod":{"aut":[[0,[1,0]],[1,[1,0]]],"delay":0,"gamma":0.01523993530569523,"pit":[[0,[1.0,0.0]],[1,[0.9975505204992774,0.0024494795007226266]]],"src":"-4.0#-2.91837#28.89796#30.93878#VAR","tgt":"31.69388#32.77551#69.71429#71.7551#Armed_Assault-Hostage_Taking_Barricade_Incident-Hijacking-Assassination-Hostage_Taking_Kidnapping_"},"_24.12245#25.20408#65.63265#67.67347#VAR_31.69388#32.77551#69.71429#71.7551#Armed_Assault-Hostage_Taking_Barricade_Incident-Hijacking-Assassination-Hostage_Taking_Kidnapping__DEL_4.mod":{"aut":[[0,[1,0]],[1,[1,0]]],"delay":4,"gamma":0.03044467750756763,"pit":[[0,[1.0,0.0]],[1,[0.9972677595380317,0.0027322404619682934]]],"src":"24.12245#25.20408#65.63265#67.67347#VAR","tgt":"31.69388#32.77551#69.71429#71.7551#Armed_Assault-Hostage_Taking_Barricade_Incident-Hijacking-Assassination-Hostage_Taking_Kidnapping_"},"_25.20408#26.28571#67.67347#69.71429#VAR_31.69388#32.77551#69.71429#71.7551#Armed_Assault-Hostage_Taking_Barricade_Incident-Hijacking-Assassination-Hostage_Taking_Kidnapping__DEL_2.mod":{"aut":[[0,[0,1]],[1,[-1,0]]],"delay":2,"gamma":0.22036834281647566,"pit":[[0,[0.9983452840938587,0.0016547159061413219]],[1,[0.0,1.0]]],"src":"25.20408#26.28571#67.67347#69.71429#VAR","tgt":"31.69388#32.77551#69.71429#71.7551#Armed_Assault-Hostage_Taking_Barricade_Incident-Hijacking-Assassination-Hostage_Taking_Kidnapping_"},"_31.69388#32.77551#18.69388#20.73469#Armed_Assault-Hostage_Taking_Barricade_Incident-Hijacking-Assassination-Hostage_Taking_Kidnapping__31.69388#32.77551#69.71429#71.7551#Armed_Assault-Hostage_Taking_Barricade_Incident-Hijacking-Assassination-Hostage_Taking_Kidnapping__DEL_3.mod":{"aut":[[0,[0,1]],[1,[-1,0]]],"delay":3,"gamma":0.219787760285158,"pit":[[0,[0.9983534578155495,0.0016465421844504865]],[1,[0.0,1.0]]],"src":"31.69388#32.77551#18.69388#20.73469#Armed_Assault-Hostage_Taking_Barricade_Incident-Hijacking-Assassination-Hostage_Taking_Kidnapping_","tgt":"31.69388#32.77551#69.71429#71.7551#Armed_Assault-Hostage_Taking_Barricade_Incident-Hijacking-Assassination-Hostage_Taking_Kidnapping_"},"_31.69388#32.77551#18.69388#20.73469#VAR_31.69388#32.77551#69.71429#71.7551#Armed_Assault-Hostage_Taking_Barricade_Incident-Hijacking-Assassination-Hostage_Taking_Kidnapping__DEL_3.mod":{"aut":[[0,[0,1]],[1,[-1,0]]],"delay":3,"gamma":0.219787760285158,"pit":[[0,[0.9983534578155495,0.0016465421844504865]],[1,[0.0,1.0]]],"src":"31.69388#32.77551#18.69388#20.73469#VAR","tgt":"31.69388#32.77551#69.71429#71.7551#Armed_Assault-Hostage_Taking_Barricade_Incident-Hijacking-Assassination-Hostage_Taking_Kidnapping_"},"_31.69388#32.77551#35.02041#37.06122#VAR_31.69388#32.77551#69.71429#71.7551#Armed_Assault-Hostage_Taking_Barricade_Incident-Hijacking-Assassination-Hostage_Taking_Kidnapping__DEL_2.mod":{"aut":[[0,[1,0]],[1,[1,0]]],"delay":2,"gamma":0.014623231355986754,"pit":[[0,[1.0,0.0]],[1,[0.9975669099190193,0.0024330900809806937]]],"src":"31.69388#32.77551#35.02041#37.06122#VAR","tgt":"31.69388#32.77551#69.71429#71.7551#Armed_Assault-Hostage_Taking_Barricade_Incident-Hijacking-Assassination-Hostage_Taking_Kidnapping_"},"_31.69388#32.77551#69.71429#71.7551#Armed_Assault-Hostage_Taking_Barricade_Incident-Hijacking-Assassination-Hostage_Taking_Kidnapping__31.69388#32.77551#69.71429#71.7551#Armed_Assault-Hostage_Taking_Barricade_Incident-Hijacking-Assassination-Hostage_Taking_Kidnapping__DEL_1.mod":{"aut":[[0,[0,1]],[1,[-1,0]]],"delay":1,"gamma":0.45137770852056924,"pit":[[0,[0.9989035087683557,0.00109649123164433]],[1,[0.0,1.0]]],"src":"31.69388#32.77551#69.71429#71.7551#Armed_Assault-Hostage_Taking_Barricade_Incident-Hijacking-Assassination-Hostage_Taking_Kidnapping_","tgt":"31.69388#32.77551#69.71429#71.7551#Armed_Assault-Hostage_Taking_Barricade_Incident-Hijacking-Assassination-Hostage_Taking_Kidnapping_"},"_31.69388#32.77551#69.71429#71.7551#VAR_31.69388#32.77551#69.71429#71.7551#Armed_Assault-Hostage_Taking_Barricade_Incident-Hijacking-Assassination-Hostage_Taking_Kidnapping__DEL_1.mod":{"aut":[[0,[0,1]],[1,[-1,0]]],"delay":1,"gamma":0.45137770852056924,"pit":[[0,[0.9989035087683557,0.00109649123164433]],[1,[0.0,1.0]]],"src":"31.69388#32.77551#69.71429#71.7551#VAR","tgt":"31.69388#32.77551#69.71429#71.7551#Armed_Assault-Hostage_Taking_Barricade_Incident-Hijacking-Assassination-Hostage_Taking_Kidnapping_"},"_32.77551#33.85714#35.02041#37.06122#Bombing_Explosion-Facility_Infrastructure_Attack_31.69388#32.77551#69.71429#71.7551#Armed_Assault-Hostage_Taking_Barricade_Incident-Hijacking-Assassination-Hostage_Taking_Kidnapping__DEL_9.mod":{"aut":[[0,[1,0]],[1,[1,0]]],"delay":9,"gamma":0.018946231205333786,"pit":[[0,[1.0,0.0]],[1,[0.997493734374353,0.0025062656256470616]]],"src":"32.77551#33.85714#35.02041#37.06122#Bombing_Explosion-Facility_Infrastructure_Attack","tgt":"31.69388#32.77551#69.71429#71.7551#Armed_Assault-Hostage_Taking_Barricade_Incident-Hijacking-Assassination-Hostage_Taking_Kidnapping_"},"_32.77551#33.85714#73.79592#75.83673#Bombing_Explosion-Facility_Infrastructure_Attack_31.69388#32.77551#69.71429#71.7551#Armed_Assault-Hostage_Taking_Barricade_Incident-Hijacking-Assassination-Hostage_Taking_Kidnapping__DEL_0.mod":{"aut":[[0,[0,1]],[1,[2,2]],[2,[2,0]]],"delay":0,"gamma":0.06637448202131369,"pit":[[0,[1.0,0.0]],[1,[0.96,0.04]],[2,[0.998276852367907,0.0017231476320930586]]],"src":"32.77551#33.85714#73.79592#75.83673#Bombing_Explosion-Facility_Infrastructure_Attack","tgt":"31.69388#32.77551#69.71429#71.7551#Armed_Assault-Hostage_Taking_Barricade_Incident-Hijacking-Assassination-Hostage_Taking_Kidnapping_"},"_33.85714#34.93878#73.79592#75.83673#Bombing_Explosion-Facility_Infrastructure_Attack_31.69388#32.77551#69.71429#71.7551#Armed_Assault-Hostage_Taking_Barricade_Incident-Hijacking-Assassination-Hostage_Taking_Kidnapping__DEL_3.mod":{"aut":[[0,[1,0]],[1,[2,0]],[2,[1,0]]],"delay":3,"gamma":0.012067441821235758,"pit":[[0,[1.0,0.0]],[1,[0.9976359338666936,0.0023640661333064537]],[2,[0.9975609756131634,0.002439024386836625]]],"src":"33.85714#34.93878#73.79592#75.83673#Bombing_Explosion-Facility_Infrastructure_Attack","tgt":"31.69388#32.77551#69.71429#71.7551#Armed_Assault-Hostage_Taking_Barricade_Incident-Hijacking-Assassination-Hostage_Taking_Kidnapping_"},"_33.85714#34.93878#73.79592#75.83673#Bombing_Explosion-Facility_Infrastructure_Attack_31.69388#32.77551#69.71429#71.7551#Armed_Assault-Hostage_Taking_Barricade_Incident-Hijacking-Assassination-Hostage_Taking_Kidnapping__DEL_4.mod":{"aut":[[0,[0,1]],[1,[2,3]],[2,[4,0]],[3,[2,0]],[4,[0,0]]],"delay":4,"gamma":0.32410640337781504,"pit":[[0,[1.0,0.0]],[1,[1.0,0.0]],[2,[0.967741935483871,0.03225806451612903]],[3,[0.9846153846153847,0.015384615384615385]],[4,[0.9827586211071446,0.017241378892855406]]],"src":"33.85714#34.93878#73.79592#75.83673#Bombing_Explosion-Facility_Infrastructure_Attack","tgt":"31.69388#32.77551#69.71429#71.7551#Armed_Assault-Hostage_Taking_Barricade_Incident-Hijacking-Assassination-Hostage_Taking_Kidnapping_"},"_40.34694#41.42857#28.89796#30.93878#VAR_31.69388#32.77551#69.71429#71.7551#Armed_Assault-Hostage_Taking_Barricade_Incident-Hijacking-Assassination-Hostage_Taking_Kidnapping__DEL_7.mod":{"aut":[[0,[1,0]],[1,[1,0]]],"delay":7,"gamma":0.01905806168875246,"pit":[[0,[1.0,0.0]],[1,[0.9974858579682426,0.0025141420317573754]]],"src":"40.34694#41.42857#28.89796#30.93878#VAR","tgt":"31.69388#32.77551#69.71429#71.7551#Armed_Assault-Hostage_Taking_Barricade_Incident-Hijacking-Assassination-Hostage_Taking_Kidnapping_"},"_41.42857#42.5102#8.4898#10.53061#Bombing_Explosion-Facility_Infrastructure_Attack_31.69388#32.77551#69.71429#71.7551#Armed_Assault-Hostage_Taking_Barricade_Incident-Hijacking-Assassination-Hostage_Taking_Kidnapping__DEL_2.mod":{"aut":[[0,[1,0]],[1,[1,0]]],"delay":2,"gamma":0.017461831530659166,"pit":[[0,[1.0,0.0]],[1,[0.997517070131062,0.0024829298689381016]]],