{"_11.14286#12.22449#8.4898#10.53061#VAR_11.14286#12.22449#8.4898#10.53061#VAR_DEL_1.mod":{"aut":[[0,[0,1]],[1,[-1,0]]],"delay":1,"gamma":0.4556735646059177,"pit":[[0,[0.9994520547914587,0.0005479452085413345]],[1,[0.0,1.0]]],"src":"11.14286#12.22449#8.4898#10.53061#VAR","tgt":"11.14286#12.22449#8.4898#10.53061#VAR"},"_25.20408#26.28571#49.30612#51.34694#Bombing_Explosion-Facility_Infrastructure_Attack_11.14286#12.22449#8.4898#10.53061#VAR_DEL_1.mod":{"aut":[[0,[0,1]],[1,[-1,0]]],"delay":1,"gamma":0.4524622387802374,"pit":[[0,[0.9994404029145302,0.0005595970854697887]],[1,[0.0,1.0]]],"src":"25.20408#26.28571#49.30612#51.34694#Bombing_Explosion-Facility_Infrastructure_Attack","tgt":"11.14286#12.22449#8.4898#10.53061#VAR"},"_25.20408#26.28571#49.30612#51.34694#VAR_11.14286#12.22449#8.4898#10.53061#VAR_DEL_1.mod":{"aut":[[0,[0,1]],[1,[-1,0]]],"delay":1,"gamma":0.45263024638965477,"pit":[[0,[0.9994388327743873,0.0005611672256127269]],[1,[0.0,1.0]]],"src":"25.20408#26.28571#49.30612#51.34694#VAR","tgt":"11.14286#12.22449#8.4898#10.53061#VAR"},"_30.61224#31.69388#73.79592#75.83673#VAR_11.14286#12.22449#8.4898#10.53061#VAR_DEL_3.mod":{"aut":[[0,[0,1]],[1,[-1,0]]],"delay":3,"gamma":0.45739751909310433,"pit":[[0,[0.9994363021445783,0.0005636978554216516]],[1,[0.0,1.0]]],"src":"30.61224#31.69388#73.79592#75.83673#VAR","tgt":"11.14286#12.22449#8.4898#10.53061#VAR"},"_30.61224#31.69388#73.79592#75.83673#VAR_11.14286#12.22449#8.4898#10.53061#VAR_DEL_9.mod":{"aut":[[0,[0,1]],[1,[-1,0]]],"delay":9,"gamma":0.4573360305350027,"pit":[[0,[0.9994343891284522,0.0005656108715478223]],[1,[0.0,1.0]]],"src":"30.61224#31.69388#73.79592#75.83673#VAR","tgt":"11.14286#12.22449#8.4898#10.53061#VAR"},"_31.69388#32.77551#43.18367#45.22449#VAR_11.14286#12.22449#8.4898#10.53061#VAR_DEL_8.mod":{"aut":[[0,[0,1]],[1,[-1,0]]],"delay":8,"gamma":0.45575780817696465,"pit":[[0,[0.9994490358142757,0.000550964185724307]],[1,[0.0,1.0]]],"src":"31.69388#32.77551#43.18367#45.22449#VAR","tgt":"11.14286#12.22449#8.4898#10.53061#VAR"},"_32.77551#33.85714#43.18367#45.22449#Bombing_Explosion-Facility_Infrastructure_Attack_11.14286#12.22449#8.4898#10.53061#VAR_DEL_8.mod":{"aut":[[0,[0,1]],[1,[-1,0]]],"delay":8,"gamma":0.45613424715716633,"pit":[[0,[0.9994456762800104,0.000554323719989688]],[1,[0.0,1.0]]],"src":"32.77551#33.85714#43.18367#45.22449#Bombing_Explosion-Facility_Infrastructure_Attack","tgt":"11.14286#12.22449#8.4898#10.53061#VAR"},"_32.77551#33.85714#43.18367#45.22449#VAR_11.14286#12.22449#8.4898#10.53061#VAR_DEL_8.mod":{"aut":[[0,[0,1]],[1,[-1,0]]],"delay":8,"gamma":0.45634050908093426,"pit":[[0,[0.9994438264667377,0.0005561735332623393]],[1,[0.0,1.0]]],"src":"32.77551#33.85714#43.18367#45.22449#VAR","tgt":"11.14286#12.22449#8.4898#10.53061#VAR"},"_33.85714#34.93878#35.02041#37.06122#Bombing_Explosion-Facility_Infrastructure_Attack_11.14286#12.22449#8.4898#10.53061#VAR_DEL_5.mod":{"aut":[[0,[0,1]],[1,[-1,0]]],"delay":5,"gamma":0.10578983233349237,"pit":[[0,[0.9990281827274468,0.0009718172725532627]],[1,[0.0,1.0]]],"src":"33.85714#34.93878#35.02041#37.06122#Bombing_Explosion-Facility_Infrastructure_Attack","tgt":"11.14286#12.22449#8.4898#10.53061#VAR"},"_33.85714#34.93878#35.02041#37.06122#VAR_11.14286#12.22449#8.4898#10.53061#VAR_DEL_5.mod":{"aut":[[0,[0,1]],[1,[-1,0]]],"delay":5,"gamma":0.36402473799277446,"pit":[[0,[0.9993386243208772,0.0006613756791228394]],[1,[0.0,1.0]]],"src":"33.85714#34.93878#35.02041#37.06122#VAR","tgt":"11.14286#12.22449#8.4898#10.53061#VAR"},"_37.10204#38.18367#41.14286#43.18367#VAR_11.14286#12.22449#8.4898#10.53061#VAR_DEL_2.mod":{"aut":[[0,[0,1]],[1,[-1,0]]],"delay":2,"gamma":0.45605908199912204,"pit":[[0,[0.9994484280088122,0.0005515719911877754]],[1,[0.0,1.0]]],"src":"37.10204#38.18367#41.14286#43.18367#VAR","tgt":"11.14286#12.22449#8.4898#10.53061#VAR"},"_42.5102#43.59184#8.4898#10.53061#Bombing_Explosion-Facility_Infrastructure_Attack_11.14286#12.22449#8.4898#10.53061#VAR_DEL_1.mod":{"aut":[[0,[1,0]],[1,[2,0]],[2,[0,0]]],"delay":1,"gamma":0.05879833792751332,"pit":[[0,[1.0,0.0]],[1,[0.9982847341266021,0.0017152658733978585]],[2,[0.9982363315647372,0.0017636684352627299]]],"src":"42.5102#43.59184#8.4898#10.53061#Bombing_Explosion-Facility_Infrastructure_Attack","tgt":"11.14286#12.22449#8.4898#10.53061#VAR"}}
