{"_-4.0#-2.91837#28.89796#30.93878#VAR_13.30612#14.38776#45.22449#47.26531#VAR_DEL_1.mod":{"aut":[[0,[1,0]],[1,[1,0]]],"delay":1,"gamma":0.014294011960378716,"pit":[[0,[1.0,0.0]],[1,[0.9987752602698848,0.0012247397301151698]]],"src":"-4.0#-2.91837#28.89796#30.93878#VAR","tgt":"13.30612#14.38776#45.22449#47.26531#VAR"},"_13.30612#14.38776#45.22449#47.26531#VAR_13.30612#14.38776#45.22449#47.26531#VAR_DEL_1.mod":{"aut":[[0,[0,1]],[1,[-1,0]]],"delay":1,"gamma":0.4556735646059177,"pit":[[0,[0.9994520547914587,0.0005479452085413345]],[1,[0.0,1.0]]],"src":"13.30612#14.38776#45.22449#47.26531#VAR","tgt":"13.30612#14.38776#45.22449#47.26531#VAR"},"_30.61224#31.69388#32.97959#35.02041#Armed_Assault-Hostage_Taking_Barricade_Incident-Hijacking-Assassination-Hostage_Taking_Kidnapping__13.30612#14.38776#45.22449#47.26531#VAR_DEL_1.mod":{"aut":[[0,[0,1]],[1,[-1,0]]],"delay":1,"gamma":1.0,"pit":[[0,[1.0,0.0]],[1,[0.0,1.0]]],"src":"30.61224#31.69388#32.97959#35.02041#Armed_Assault-Hostage_Taking_Barricade_Incident-Hijacking-Assassination-Hostage_Taking_Kidnapping_","tgt":"13.30612#14.38776#45.22449#47.26531#VAR"},"_31.69388#32.77551#73.79592#75.83673#VAR_13.30612#14.38776#45.22449#47.26531#VAR_DEL_8.mod":{"aut":[[0,[0,1]],[1,[-1,0]]],"delay":8,"gamma":0.45702326451672615,"pit":[[0,[0.9994404029145302,0.0005595970854697887]],[1,[0.0,1.0]]],"src":"31.69388#32.77551#73.79592#75.83673#VAR","tgt":"13.30612#14.38776#45.22449#47.26531#VAR"},"_33.85714#34.93878#73.79592#75.83673#Bombing_Explosion-Facility_Infrastructure_Attack_13.30612#14.38776#45.22449#47.26531#VAR_DEL_3.mod":{"aut":[[0,[0,1]],[1,[-1,0]]],"delay":3,"gamma":1.0,"pit":[[0,[1.0,0.0]],[1,[0.0,1.0]]],"src":"33.85714#34.93878#73.79592#75.83673#Bombing_Explosion-Facility_Infrastructure_Attack","tgt":"13.30612#14.38776#45.22449#47.26531#VAR"},"_33.85714#34.93878#73.79592#75.83673#VAR_13.30612#14.38776#45.22449#47.26531#VAR_DEL_3.mod":{"aut":[[0,[0,1]],[1,[-1,0]]],"delay":3,"gamma":1.0,"pit":[[0,[1.0,0.0]],[1,[0.0,1.0]]],"src":"33.85714#34.93878#73.79592#75.83673#VAR","tgt":"13.30612#14.38776#45.22449#47.26531#VAR"},"_36.02041#37.10204#4.40816#6.44898#VAR_13.30612#14.38776#45.22449#47.26531#VAR_DEL_7.mod":{"aut":[[0,[0,1]],[1,[-1,0]]],"delay":7,"gamma":0.4565512677135869,"pit":[[0,[0.9994422755325166,0.0005577244674833684]],[1,[0.0,1.0]]],"src":"36.02041#37.10204#4.40816#6.44898#VAR","tgt":"13.30612#14.38776#45.22449#47.26531#VAR"},"_4.65306#5.73469#6.44898#8.4898#VAR_13.30612#14.38776#45.22449#47.26531#VAR_DEL_8.mod":{"aut":[[0,[0,1]],[1,[-1,0]]],"delay":8,"gamma":0.45568960860556795,"pit":[[0,[0.9994496422741371,0.0005503577258628546]],[1,[0.0,1.0]]],"src":"4.65306#5.73469#6.44898#8.4898#VAR","tgt":"13.30612#14.38776#45.22449#47.26531#VAR"}}
