{"_-1.83673#-0.7551#28.89796#30.93878#VAR_14.38776#15.46939#43.18367#45.22449#VAR_DEL_8.mod":{"aut":[[0,[0,1]],[1,[2,3]],[2,[0,0]],[3,[2,0]]],"delay":8,"gamma":0.011373434196100707,"pit":[[0,[0.9793388429906004,0.020661157009399626]],[1,[0.9772727271033959,0.0227272728966041]],[2,[0.9249999981373549,0.07500000186264512]],[3,[0.9512195132854508,0.04878048671454917]]],"src":"-1.83673#-0.7551#28.89796#30.93878#VAR","tgt":"14.38776#15.46939#43.18367#45.22449#VAR"},"_-2.91837#-1.83673#28.89796#30.93878#VAR_14.38776#15.46939#43.18367#45.22449#VAR_DEL_1.mod":{"aut":[[0,[1,0]],[1,[2,0]],[2,[3,0]],[3,[0,0]]],"delay":1,"gamma":0.031425547990839076,"pit":[[0,[0.9923518166047508,0.007648183395249155]],[1,[0.9821428575752569,0.01785714242474312]],[2,[0.9609195411034014,0.03908045889659861]],[3,[0.9714285712156977,0.02857142878430229]]],"src":"-2.91837#-1.83673#28.89796#30.93878#VAR","tgt":"14.38776#15.46939#43.18367#45.22449#VAR"},"_-4.0#-2.91837#28.89796#30.93878#Armed_Assault-Hostage_Taking_Barricade_Incident-Hijacking-Assassination-Hostage_Taking_Kidnapping__14.38776#15.46939#43.18367#45.22449#VAR_DEL_3.mod":{"aut":[[0,[1,0]],[1,[1,0]]],"delay":3,"gamma":0.014317334039073759,"pit":[[0,[1.0,0.0]],[1,[0.9759389667218648,0.024061033278135274]]],"src":"-4.0#-2.91837#28.89796#30.93878#Armed_Assault-Hostage_Taking_Barricade_Incident-Hijacking-Assassination-Hostage_Taking_Kidnapping_","tgt":"14.38776#15.46939#43.18367#45.22449#VAR"},"_-4.0#-2.91837#28.89796#30.93878#Armed_Assault-Hostage_Taking_Barricade_Incident-Hijacking-Assassination-Hostage_Taking_Kidnapping__14.38776#15.46939#43.18367#45.22449#VAR_DEL_7.mod":{"aut":[[0,[0,1]],[1,[2,0]],[2,[2,0]]],"delay":7,"gamma":0.47629938967202556,"pit":[[0,[0.9761072251780745,0.02389277482192554]],[1,[1.0,0.0]],[2,[1.0,0.0]]],"src":"-4.0#-2.91837#28.89796#30.93878#Armed_Assault-Hostage_Taking_Barricade_Incident-Hijacking-Assassination-Hostage_Taking_Kidnapping_","tgt":"14.38776#15.46939#43.18367#45.22449#VAR"},"_12.22449#13.30612#43.18367#45.22449#VAR_14.38776#15.46939#43.18367#45.22449#VAR_DEL_9.mod":{"aut":[[0,[0,1]],[1,[0,2]],[2,[0,-1]]],"delay":9,"gamma":0.040147405456158136,"pit":[[0,[0.9789590257759374,0.02104097422406259]],[1,[0.6666666666666666,0.3333333333333333]],[2,[1.0,0.0]]],"src":"12.22449#13.30612#43.18367#45.22449#VAR","tgt":"14.38776#15.46939#43.18367#45.22449#VAR"},"_13.30612#14.38776#43.18367#45.22449#Bombing_Explosion-Facility_Infrastructure_Attack_14.38776#15.46939#43.18367#45.22449#VAR_DEL_9.mod":{"aut":[[0,[0,1]],[1,[2,2]],[2,[0,-1]]],"delay":9,"gamma":0.02081509499317724,"pit":[[0,[0.9779492830169667,0.02205071698303324]],[1,[1.0,0.0]],[2,[1.0,0.0]]],"src":"13.30612#14.38776#43.18367#45.22449#Bombing_Explosion-Facility_Infrastructure_Attack","tgt":"14.38776#15.46939#43.18367#45.22449#VAR"},"_13.30612#14.38776#43.18367#45.22449#VAR_14.38776#15.46939#43.18367#45.22449#VAR_DEL_7.mod":{"aut":[[0,[1,0]],[1,[0,-1]]],"delay":7,"gamma":0.5087776840915723,"pit":[[0,[0.9780941946556443,0.02190580534435571]],[1,[1.0,0.0]]],"src":"13.30612#14.38776#43.18367#45.22449#VAR","tgt":"14.38776#15.46939#43.18367#45.22449#VAR"},"_14.38776#15.46939#43.18367#45.22449#Armed_Assault-Hostage_Taking_Barricade_Incident-Hijacking-Assassination-Hostage_Taking_Kidnapping__14.38776#15.46939#43.18367#45.22449#VAR_DEL_1.mod":{"aut":[[0,[0,1]],[1,[0,2]],[2,[0,-1]]],"delay":1,"gamma":0.20108535503272928,"pit":[[0,[0.9828539820227244,0.01714601797727556]],[1,[0.0,1.0]],[2,[1.0,0.0]]],"src":"14.38776#15.46939#43.18367#45.22449#Armed_Assault-Hostage_Taking_Barricade_Incident-Hijacking-Assassination-Hostage_Taking_Kidnapping_","tgt":"14.38776#15.46939#43.18367#45.22449#VAR"},"_14.38776#15.46939#43.18367#45.22449#VAR_14.38776#15.46939#43.18367#45.22449#VAR_DEL_1.mod":{"aut":[[0,[0,1]],[1,[0,2]],[2,[0,0]]],"delay":1,"gamma":0.42061192789387114,"pit":[[0,[0.9888017918436902,0.011198208156309836]],[1,[0.0,1.0]],[2,[0.9499999986961484,0.05000000130385162]]],"src":"14.38776#15.46939#43.18367#45.22449#VAR","tgt":"14.38776#15.46939#43.18367#45.22449#VAR"},"_25.20408#26.28571#49.30612#51.34694#VAR_14.38776#15.46939#43.18367#45.22449#VAR_DEL_5.mod":{"aut":[[0,[1,0]],[1,[2,0]],[2,[1,-1]]],"delay":5,"gamma":0.5126183770083621,"pit":[[0,[1.0,0.0]],[1,[0.9775784752527962,0.022421524747203814]],[2,[1.0,0.0]]],"src":"25.20408#26.28571#49.30612#51.34694#VAR","tgt":"14.38776#15.46939#43.18367#45.22449#VAR"},"_27.36735#28.44898#28.89796#30.93878#VAR_14.38776#15.46939#43.18367#45.22449#VAR_DEL_0.mod":{"aut":[[0,[0,1]],[1,[0,2]],[2,[0,0]]],"delay":0,"gamma":0.01206370912087884,"pit":[[0,[0.9757722583579644,0.024227741642035526]],[1,[1.0,0.0]],[2,[0.9879518070493836,0.01204819295061641]]],"src":"27.36735#28.44898#28.89796#30.93878#VAR","tgt":"14.38776#15.46939#43.18367#45.22449#VAR"},"_29.53061#30.61224#47.26531#49.30612#Bombing_Explosion-Facility_Infrastructure_Attack_14.38776#15.46939#43.18367#45.22449#VAR_DEL_2.mod":{"aut":[[0,[0,1]],[1,[0,0]]],"delay":2,"gamma":0.019411251786297323,"pit":[[0,[0.9780701758062238,0.021929824193776187]],[1,[0.0,1.0]]],"src":"29.53061#30.61224#47.26531#49.30612#Bombing_Explosion-Facility_Infrastructure_Attack","tgt":"14.38776#15.46939#43.18367#45.22449#VAR"},"_30.61224#31.69388#32.97959#35.02041#Bombing_Explosion-Facility_Infrastructure_Attack_14.38776#15.46939#43.18367#45.22449#VAR_DEL_7.mod":{"aut":[[0,[1,0]],[1,[2,-1]],[2,[1,0]]],"delay":7,"gamma":0.5151058505955723,"pit":[[0,[1.0,0.0]],[1,[1.0,0.0]],[2,[0.977603583374506,0.022396416625493982]]],"src":"30.61224#31.69388#32.97959#35.02041#Bombing_Explosion-Facility_Infrastructure_Attack","tgt":"14.38776#15.46939#43.18367#45.22449#VAR"},"_30.61224#31.69388#32.97959#35.02041#VAR_14.38776#15.46939#43.18367#45.22449#VAR_DEL_1.mod":{"aut":[[0,[0,1]],[1,[2,1]],[2,[0,2]]],"delay":1,"gamma":0.011837998134074712,"pit":[[0,[0.978450786081524,0.021549213918475963]],[1,[0.9420289852912875,0.05797101470871248]],[2,[1.0,0.0]]],"src":"30.61224#31.69388#32.97959#35.02041#VAR","tgt":"14.38776#15.46939#43.18367#45.22449#VAR"},"_30.61224#31.69388#35.02041#37.06122#VAR_14.38776#15.46939#43.18367#45.22449#VAR_DEL_5.mod":{"aut":[[0,[1,0]],[1,[2,0]],[2,[3,0]],[3,[3,0]]],"delay":5,"gamma":0.01204342939864389,"pit":[[0,[1.0,0.0]],[1,[0.9696969696969697,0.030303030303030304]],[2,[0.933333334326744,0.06666666567325599]],[3,[0.9774748082148494,0.022525191785150528]]],"src":"30.61224#31.69388#35.02041#37.06122#VAR","tgt":"14.38776#15.46939#43.18367#45.22449#VAR"},"_32.77551#33.85714#35.02041#37.06122#Bombing_Explosion-Facility_Infrastructure_Attack_14.38776#15.46939#43.18367#45.22449#VAR_DEL_2.mod":{"aut":[[0,[0,1]],[1,[0,1]]],"delay":2,"gamma":0.011721475636058187,"pit":[[0,[0.9806612590635782,0.019338740936421833]],[1,[0.9549549533440187,0.045045046655981344]]],"src":"32.77551#33.85714#35.02041#37.06122#Bombing_Explosion-Facility_Infrastructure_Attack","tgt":"14.38776#15.46939#43.18367#45.22449#VAR"},"_32.77551#33.85714#43.18367#45.22449#VAR_14.38776#15.46939#43.18367#45.22449#VAR_DEL_1.mod":{"aut":[[0,[1,0]],[1,[2,-1]],[2,[1,0]]],"delay":1,"gamma":0.5149015670742015,"pit":[[0,[1.0,0.0]],[1,[1.0,0.0]],[2,[0.9775533111688631,0.022446688831136836]]],"src":"32.77551#33.85714#43.18367#45.22449#VAR","tgt":"14.38776#15.46939#43.18367#45.22449#VAR"},"_32.77551#33.85714#73.79592#75.83673#Bombing_Explosion-Facility_Infrastructure_Attack_14.38776#15.46939#43.18367#45.22449#VAR_DEL_8.mod":{"aut":[[0,[1,0]],[1,[2,0]],[2,[0,-1]]],"delay":8,"gamma":0.2800434120256903,"pit":[[0,[0.9792663473249718,0.020733652675028243]],[1,[0.9714285713221346,0.028571428677865437]],[2,[1.0,0.0]]],"src":"32.77551#33.85714#73.79592#75.83673#Bombing_Explosion-Facility_Infrastructure_Attack","tgt":"14.38776#15.46939#43.18367#45.22449#VAR"},"_32.77551#33.85714#73.79592#75.83673#VAR_14.38776#15.46939#43.18367#45.22449#VAR_DEL_6.mod":{"aut":[[0,[0,1]],[1,[-1,2]],[2,[3,3]],[3,[0,3]]],"delay":6,"gamma":0.06983755193393426,