{"_14.38776#15.46939#45.22449#47.26531#VAR_14.38776#15.46939#45.22449#47.26531#VAR_DEL_1.mod":{"aut":[[0,[0,1]],[1,[-1,0]]],"delay":1,"gamma":0.45137770852056924,"pit":[[0,[0.9989035087683557,0.00109649123164433]],[1,[0.0,1.0]]],"src":"14.38776#15.46939#45.22449#47.26531#VAR","tgt":"14.38776#15.46939#45.22449#47.26531#VAR"},"_15.46939#16.55102#45.22449#47.26531#VAR_14.38776#15.46939#45.22449#47.26531#VAR_DEL_5.mod":{"aut":[[0,[0,1]],[1,[-1,0]]],"delay":5,"gamma":0.22012354641764598,"pit":[[0,[0.9983461962766635,0.001653803723336474]],[1,[0.0,1.0]]],"src":"15.46939#16.55102#45.22449#47.26531#VAR","tgt":"14.38776#15.46939#45.22449#47.26531#VAR"},"_24.12245#25.20408#65.63265#67.67347#Armed_Assault-Hostage_Taking_Barricade_Incident-Hijacking-Assassination-Hostage_Taking_Kidnapping__14.38776#15.46939#45.22449#47.26531#VAR_DEL_6.mod":{"aut":[[0,[1,0]],[1,[1,0]]],"delay":6,"gamma":0.026609374648953188,"pit":[[0,[1.0,0.0]],[1,[0.9973351099291974,0.0026648900708026047]]],"src":"24.12245#25.20408#65.63265#67.67347#Armed_Assault-Hostage_Taking_Barricade_Incident-Hijacking-Assassination-Hostage_Taking_Kidnapping_","tgt":"14.38776#15.46939#45.22449#47.26531#VAR"},"_32.77551#33.85714#35.02041#37.06122#VAR_14.38776#15.46939#45.22449#47.26531#VAR_DEL_7.mod":{"aut":[[0,[1,0]],[1,[1,0]]],"delay":7,"gamma":0.022124034163329753,"pit":[[0,[1.0,0.0]],[1,[0.9974408189199152,0.002559181080084778]]],"src":"32.77551#33.85714#35.02041#37.06122#VAR","tgt":"14.38776#15.46939#45.22449#47.26531#VAR"},"_32.77551#33.85714#71.7551#73.79592#Bombing_Explosion-Facility_Infrastructure_Attack_14.38776#15.46939#45.22449#47.26531#VAR_DEL_2.mod":{"aut":[[0,[0,1]],[1,[-1,0]]],"delay":2,"gamma":0.22031045870253385,"pit":[[0,[0.9983461962766635,0.001653803723336474]],[1,[0.0,1.0]]],"src":"32.77551#33.85714#71.7551#73.79592#Bombing_Explosion-Facility_Infrastructure_Attack","tgt":"14.38776#15.46939#45.22449#47.26531#VAR"},"_32.77551#33.85714#71.7551#73.79592#VAR_14.38776#15.46939#45.22449#47.26531#VAR_DEL_2.mod":{"aut":[[0,[0,1]],[1,[-1,0]]],"delay":2,"gamma":0.22065822437860594,"pit":[[0,[0.9983407080005309,0.0016592919994691657]],[1,[0.0,1.0]]],"src":"32.77551#33.85714#71.7551#73.79592#VAR","tgt":"14.38776#15.46939#45.22449#47.26531#VAR"},"_32.77551#33.85714#73.79592#75.83673#Bombing_Explosion-Facility_Infrastructure_Attack_14.38776#15.46939#45.22449#47.26531#VAR_DEL_5.mod":{"aut":[[0,[0,1]],[1,[-1,0]]],"delay":5,"gamma":0.1702129963253538,"pit":[[0,[0.9982025165469628,0.0017974834530371613]],[1,[0.0,1.0]]],"src":"32.77551#33.85714#73.79592#75.83673#Bombing_Explosion-Facility_Infrastructure_Attack","tgt":"14.38776#15.46939#45.22449#47.26531#VAR"},"_33.85714#34.93878#35.02041#37.06122#Bombing_Explosion-Facility_Infrastructure_Attack_14.38776#15.46939#45.22449#47.26531#VAR_DEL_6.mod":{"aut":[[0,[0,1]],[1,[-1,0]]],"delay":6,"gamma":1.0,"pit":[[0,[1.0,0.0]],[1,[0.0,1.0]]],"src":"33.85714#34.93878#35.02041#37.06122#Bombing_Explosion-Facility_Infrastructure_Attack","tgt":"14.38776#15.46939#45.22449#47.26531#VAR"},"_33.85714#34.93878#67.67347#69.71429#Bombing_Explosion-Facility_Infrastructure_Attack_14.38776#15.46939#45.22449#47.26531#VAR_DEL_1.mod":{"aut":[[0,[0,1]],[1,[-1,0]]],"delay":1,"gamma":0.15900113107140856,"pit":[[0,[0.9982003598743809,0.0017996401256190598]],[1,[0.0,1.0]]],"src":"33.85714#34.93878#67.67347#69.71429#Bombing_Explosion-Facility_Infrastructure_Attack","tgt":"14.38776#15.46939#45.22449#47.26531#VAR"},"_33.85714#34.93878#67.67347#69.71429#Bombing_Explosion-Facility_Infrastructure_Attack_14.38776#15.46939#45.22449#47.26531#VAR_DEL_6.mod":{"aut":[[0,[0,1]],[1,[-1,0]]],"delay":6,"gamma":0.1609840835678591,"pit":[[0,[0.9982003598743809,0.0017996401256190598]],[1,[0.0,1.0]]],"src":"33.85714#34.93878#67.67347#69.71429#Bombing_Explosion-Facility_Infrastructure_Attack","tgt":"14.38776#15.46939#45.22449#47.26531#VAR"},"_33.85714#34.93878#67.67347#69.71429#VAR_14.38776#15.46939#45.22449#47.26531#VAR_DEL_1.mod":{"aut":[[0,[0,1]],[1,[-1,0]]],"delay":1,"gamma":0.17367465500990464,"pit":[[0,[0.9982321744520738,0.0017678255479262556]],[1,[0.0,1.0]]],"src":"33.85714#34.93878#67.67347#69.71429#VAR","tgt":"14.38776#15.46939#45.22449#47.26531#VAR"},"_33.85714#34.93878#67.67347#69.71429#VAR_14.38776#15.46939#45.22449#47.26531#VAR_DEL_6.mod":{"aut":[[0,[0,1]],[1,[-1,0]]],"delay":6,"gamma":0.17562300948012632,"pit":[[0,[0.9982321744520738,0.0017678255479262556]],[1,[0.0,1.0]]],"src":"33.85714#34.93878#67.67347#69.71429#VAR","tgt":"14.38776#15.46939#45.22449#47.26531#VAR"},"_33.85714#34.93878#73.79592#75.83673#Bombing_Explosion-Facility_Infrastructure_Attack_14.38776#15.46939#45.22449#47.26531#VAR_DEL_5.mod":{"aut":[[0,[1,0]],[1,[1,0]]],"delay":5,"gamma":0.012547055005533214,"pit":[[0,[1.0,0.0]],[1,[0.9975961538780561,0.0024038461219438798]]],"src":"33.85714#34.93878#73.79592#75.83673#Bombing_Explosion-Facility_Infrastructure_Attack","tgt":"14.38776#15.46939#45.22449#47.26531#VAR"},"_33.85714#34.93878#73.79592#75.83673#Bombing_Explosion-Facility_Infrastructure_Attack_14.38776#15.46939#45.22449#47.26531#VAR_DEL_8.mod":{"aut":[[0,[0,1]],[1,[-1,0]]],"delay":8,"gamma":1.0,"pit":[[0,[1.0,0.0]],[1,[0.0,1.0]]],"src":"33.85714#34.93878#73.79592#75.83673#Bombing_Explosion-Facility_Infrastructure_Attack","tgt":"14.38776#15.46939#45.22449#47.26531#VAR"},"_36.02041#37.10204#0.32653#2.36735#VAR_14.38776#15.46939#45.22449#47.26531#VAR_DEL_4.mod":{"aut":[[0,[0,1]],[1,[-1,0]]],"delay":4,"gamma":1.0,"pit":[[0,[1.0,0.0]],[1,[0.0,1.0]]],"src":"36.02041#37.10204#0.32653#2.36735#VAR","tgt":"14.38776#15.46939#45.22449#47.26531#VAR"},"_36.02041#37.10204#2.36735#4.40816#Armed_Assault-Hostage_Taking_Barricade_Incident-Hijacking-Assassination-Hostage_Taking_Kidnapping__14.38776#15.46939#45.22449#47.26531#VAR_DEL_0.mod":{"aut":[[0,[1,0]],[1,[1,0]]],"delay":0,"gamma":0.028223606572635895,"pit":[[0,[1.0,0.0]],[1,[0.9973136332888992,0.00268636671110082]]],"src":"36.02041#37.10204#2.36735#4.40816#Armed_Assault-Hostage_Taking_Barricade_Incident-Hijacking-Assassination-Hostage_Taking_Kidnapping_","tgt":"14.38776#15.46939#45.22449#47.26531#VAR"},"_36.02041#37.10204#2.36735#4.40816#Armed_Assault-Hostage_Taking_Barricade_Incident-Hijacking-Assassination-Hostage_Taking_Kidnapping__14.38776#15.46939#45.22449#47.26531#VAR_DEL_7.mod":{"aut":[[0,[1,0]],[1,[1,0]]],"delay":7,"gamma":0.02806929459412344,"pit":[[0,[1.0,0.0]],[1,[0.997302764738123,0.002697235261876987]]],"src":"36.02041#37.10204#2.36735#4.40816#Armed_Assault-Hostage_Taking_Barricade_Incident-Hijacking-Assassination-Hostage_Taking_Kidnapping_","tgt":"14.38776#15.46939#45.22449#47.26531#VAR"},"_37.10204#38.18367#39.10204#41.14286#VAR_14.38776#15.46939#45.22449#47.26531#VAR_DEL_6.mod":{"aut":[[0,[0,1]],[1,[-1,0]]],"delay":6,"gamma":0.6551075733764626,"pit":[[0,[0.9993416721663739,0.0006583278336261176]],[1,[0.0,1.0]]],"src":"37.10204#38.18367#39.10204#41.14286#VAR","tgt":"14.38776#15.46939#45.22449#47.26531#VAR"},"_38.18367#39.26531#39.10204#41.14286#VAR_14.38776#15.46939#45.22449#47.26531#VAR_DEL_1.mod":{"aut":[[0,[1,0]],[1,[2,0]],[2,[0,-1]]],"delay":1,"gamma":0.2639650321458772,"pit":[[0,[0.9983922829866482,0.0016077170133518828]],[1,[0.9966722128791936,0.003327787120806403]],[2,[1.0,0.0]]],"src":"38.18367#39.26531#39.10204#41.14286#VAR","tgt":"14.38776#15.46939#45.22449#47.26531#VAR"},"_38.18367#39.26531#39.10204#41.14286#VAR_14.38776#15.46939#45.22449#47.26531#VAR_DEL_7.mod":{"aut":[[0,[0,1]],[1,[-1,0]]],"delay":7,"gamma":1.0,"pit":[[0,[1.0,0.0]],[1,[0.0,1.0]]],"src":"38.18367#39.26531#39.10204#41.14286#VAR","tgt":"14.38776#15.46939#45.22449#47.26531#VAR"},"_42.5102#43.59184#-3.7551#-1.71429#Bombing_Explosion-Facility_Infrastructure_Attack_14.38776#15.46939#45.22449#47.26531#VAR_DEL_4.mod":{"aut":[[0,[1,0]],[1,[1,0]]],"delay":4,"gamma":0.011097879156356405,"pit":[[0,[1.0,0.0]],[1,[0.997623291733745,0.002376708266255017]]],"src":"42.5102#43.59184#-3.7551#-1.71429#Bombing_Explosion-Facility_Infrastructure_Attack","tgt":"14.38776#15.46939#45.22449#47.26531#VAR"},