{"_14.38776#15.46939#43.18367#45.22449#Armed_Assault-Hostage_Taking_Barricade_Incident-Hijacking-Assassination-Hostage_Taking_Kidnapping__15.46939#16.55102#47.26531#49.30612#VAR_DEL_6.mod":{"aut":[[0,[0,1]],[1,[-1,0]]],"delay":6,"gamma":0.22017885514801327,"pit":[[0,[0.9983443708474353,0.0016556291525646897]],[1,[0.0,1.0]]],"src":"14.38776#15.46939#43.18367#45.22449#Armed_Assault-Hostage_Taking_Barricade_Incident-Hijacking-Assassination-Hostage_Taking_Kidnapping_","tgt":"15.46939#16.55102#47.26531#49.30612#VAR"},"_14.38776#15.46939#43.18367#45.22449#VAR_15.46939#16.55102#47.26531#49.30612#VAR_DEL_6.mod":{"aut":[[0,[0,1]],[1,[-1,0]]],"delay":6,"gamma":0.5104596886019909,"pit":[[0,[0.9990234375,0.0009765625]],[1,[0.0,1.0]]],"src":"14.38776#15.46939#43.18367#45.22449#VAR","tgt":"15.46939#16.55102#47.26531#49.30612#VAR"},"_15.46939#16.55102#47.26531#49.30612#VAR_15.46939#16.55102#47.26531#49.30612#VAR_DEL_1.mod":{"aut":[[0,[0,1]],[1,[-1,0]]],"delay":1,"gamma":0.45137770852056924,"pit":[[0,[0.9989035087683557,0.00109649123164433]],[1,[0.0,1.0]]],"src":"15.46939#16.55102#47.26531#49.30612#VAR","tgt":"15.46939#16.55102#47.26531#49.30612#VAR"},"_2.4898#3.57143#43.18367#45.22449#VAR_15.46939#16.55102#47.26531#49.30612#VAR_DEL_9.mod":{"aut":[[0,[0,1]],[1,[-1,0]]],"delay":9,"gamma":0.21988532340040956,"pit":[[0,[0.9983461962766635,0.001653803723336474]],[1,[0.0,1.0]]],"src":"2.4898#3.57143#43.18367#45.22449#VAR","tgt":"15.46939#16.55102#47.26531#49.30612#VAR"},"_27.36735#28.44898#28.89796#30.93878#Armed_Assault-Hostage_Taking_Barricade_Incident-Hijacking-Assassination-Hostage_Taking_Kidnapping__15.46939#16.55102#47.26531#49.30612#VAR_DEL_4.mod":{"aut":[[0,[1,0]],[1,[1,0]]],"delay":4,"gamma":0.015455375523839354,"pit":[[0,[1.0,0.0]],[1,[0.9975475168087167,0.0024524831912833755]]],"src":"27.36735#28.44898#28.89796#30.93878#Armed_Assault-Hostage_Taking_Barricade_Incident-Hijacking-Assassination-Hostage_Taking_Kidnapping_","tgt":"15.46939#16.55102#47.26531#49.30612#VAR"},"_27.36735#28.44898#28.89796#30.93878#Armed_Assault-Hostage_Taking_Barricade_Incident-Hijacking-Assassination-Hostage_Taking_Kidnapping__15.46939#16.55102#47.26531#49.30612#VAR_DEL_9.mod":{"aut":[[0,[1,0]],[1,[1,0]]],"delay":9,"gamma":0.015190981581294949,"pit":[[0,[1.0,0.0]],[1,[0.9975399753542189,0.0024600246457811485]]],"src":"27.36735#28.44898#28.89796#30.93878#Armed_Assault-Hostage_Taking_Barricade_Incident-Hijacking-Assassination-Hostage_Taking_Kidnapping_","tgt":"15.46939#16.55102#47.26531#49.30612#VAR"},"_27.36735#28.44898#28.89796#30.93878#VAR_15.46939#16.55102#47.26531#49.30612#VAR_DEL_4.mod":{"aut":[[0,[1,0]],[1,[1,0]]],"delay":4,"gamma":0.016394844207249792,"pit":[[0,[1.0,0.0]],[1,[0.9975308642665177,0.0024691357334822835]]],"src":"27.36735#28.44898#28.89796#30.93878#VAR","tgt":"15.46939#16.55102#47.26531#49.30612#VAR"},"_30.61224#31.69388#65.63265#67.67347#Armed_Assault-Hostage_Taking_Barricade_Incident-Hijacking-Assassination-Hostage_Taking_Kidnapping__15.46939#16.55102#47.26531#49.30612#VAR_DEL_5.mod":{"aut":[[0,[0,1]],[1,[-1,0]]],"delay":5,"gamma":0.2197810549042808,"pit":[[0,[0.998351648291138,0.0016483517088620272]],[1,[0.0,1.0]]],"src":"30.61224#31.69388#65.63265#67.67347#Armed_Assault-Hostage_Taking_Barricade_Incident-Hijacking-Assassination-Hostage_Taking_Kidnapping_","tgt":"15.46939#16.55102#47.26531#49.30612#VAR"},"_30.61224#31.69388#65.63265#67.67347#VAR_15.46939#16.55102#47.26531#49.30612#VAR_DEL_5.mod":{"aut":[[0,[0,1]],[1,[-1,0]]],"delay":5,"gamma":0.2198950936437004,"pit":[[0,[0.9983498349493037,0.0016501650506962494]],[1,[0.0,1.0]]],"src":"30.61224#31.69388#65.63265#67.67347#VAR","tgt":"15.46939#16.55102#47.26531#49.30612#VAR"},"_31.69388#32.77551#32.97959#35.02041#VAR_15.46939#16.55102#47.26531#49.30612#VAR_DEL_7.mod":{"aut":[[0,[0,1]],[1,[-1,0]]],"delay":7,"gamma":0.22062644127831987,"pit":[[0,[0.9983361065883605,0.0016638934116395292]],[1,[0.0,1.0]]],"src":"31.69388#32.77551#32.97959#35.02041#VAR","tgt":"15.46939#16.55102#47.26531#49.30612#VAR"},"_33.85714#34.93878#73.79592#75.83673#VAR_15.46939#16.55102#47.26531#49.30612#VAR_DEL_9.mod":{"aut":[[0,[1,0]],[1,[1,0]]],"delay":9,"gamma":0.018603555451368825,"pit":[[0,[1.0,0.0]],[1,[0.9975000000617001,0.0024999999382998798]]],"src":"33.85714#34.93878#73.79592#75.83673#VAR","tgt":"15.46939#16.55102#47.26531#49.30612#VAR"},"_42.5102#43.59184#20.73469#22.77551#VAR_15.46939#16.55102#47.26531#49.30612#VAR_DEL_0.mod":{"aut":[[0,[1,0]],[1,[1,0]]],"delay":0,"gamma":0.010248463913298034,"pit":[[0,[1.0,0.0]],[1,[0.9976359338666936,0.0023640661333064537]]],"src":"42.5102#43.59184#20.73469#22.77551#VAR","tgt":"15.46939#16.55102#47.26531#49.30612#VAR"},"_42.5102#43.59184#20.73469#22.77551#VAR_15.46939#16.55102#47.26531#49.30612#VAR_DEL_4.mod":{"aut":[[0,[1,0]],[1,[1,0]]],"delay":4,"gamma":0.010603688182880933,"pit":[[0,[1.0,0.0]],[1,[0.9976317346883996,0.002368265311600384]]],"src":"42.5102#43.59184#20.73469#22.77551#VAR","tgt":"15.46939#16.55102#47.26531#49.30612#VAR"},"_42.5102#43.59184#20.73469#22.77551#VAR_15.46939#16.55102#47.26531#49.30612#VAR_DEL_9.mod":{"aut":[[0,[1,0]],[1,[1,0]]],"delay":9,"gamma":0.010425481711234363,"pit":[[0,[1.0,0.0]],[1,[0.9976247031077955,0.0023752968922045067]]],"src":"42.5102#43.59184#20.73469#22.77551#VAR","tgt":"15.46939#16.55102#47.26531#49.30612#VAR"},"_42.5102#43.59184#45.22449#47.26531#Bombing_Explosion-Facility_Infrastructure_Attack_15.46939#16.55102#47.26531#49.30612#VAR_DEL_3.mod":{"aut":[[0,[1,0]],[1,[2,0]],[2,[0,-1]]],"delay":3,"gamma":0.4727560985796755,"pit":[[0,[0.9983844911462969,0.0016155088537031129]],[1,[0.9983249580958731,0.0016750419041269796]],[2,[1.0,0.0]]],"src":"42.5102#43.59184#45.22449#47.26531#Bombing_Explosion-Facility_Infrastructure_Attack","tgt":"15.46939#16.55102#47.26531#49.30612#VAR"},"_42.5102#43.59184#45.22449#47.26531#VAR_15.46939#16.55102#47.26531#49.30612#VAR_DEL_2.mod":{"aut":[[0,[1,0]],[1,[2,0]],[2,[1,0]]],"delay":2,"gamma":0.0101967734361198,"pit":[[0,[1.0,0.0]],[1,[0.9976744185829926,0.002325581417007502]],[2,[0.9975903613997781,0.0024096386002219585]]],"src":"42.5102#43.59184#45.22449#47.26531#VAR","tgt":"15.46939#16.55102#47.26531#49.30612#VAR"},"_42.5102#43.59184#45.22449#47.26531#VAR_15.46939#16.55102#47.26531#49.30612#VAR_DEL_4.mod":{"aut":[[0,[0,1]],[1,[-1,2]],[2,[1,0]]],"delay":4,"gamma":0.8200099784729344,"pit":[[0,[1.0,0.0]],[1,[0.0,1.0]],[2,[0.9841269841861157,0.015873015813884284]]],"src":"42.5102#43.59184#45.22449#47.26531#VAR","tgt":"15.46939#16.55102#47.26531#49.30612#VAR"},"_42.5102#43.59184#47.26531#49.30612#VAR_15.46939#16.55102#47.26531#49.30612#VAR_DEL_5.mod":{"aut":[[0,[0,1]],[1,[-1,0]]],"delay":5,"gamma":0.22046712895879383,"pit":[[0,[0.9983407080005309,0.0016592919994691657]],[1,[0.0,1.0]]],"src":"42.5102#43.59184#47.26531#49.30612#VAR","tgt":"15.46939#16.55102#47.26531#49.30612#VAR"},"_6.81633#7.89796#79.91837#81.95918#VAR_15.46939#16.55102#47.26531#49.30612#VAR_DEL_7.mod":{"aut":[[0,[1,0]],[1,[1,0]]],"delay":7,"gamma":0.017841881553882666,"pit":[[0,[1.0,0.0]],[1,[0.9974968711247036,0.0025031288752964103]]],"src":"6.81633#7.89796#79.91837#81.95918#VAR","tgt":"15.46939#16.55102#47.26531#49.30612#VAR"}}
