{"_17.63265#18.71429#79.91837#81.95918#Bombing_Explosion-Facility_Infrastructure_Attack_17.63265#18.71429#79.91837#81.95918#VAR_DEL_1.mod":{"aut":[[0,[0,1]],[1,[-1,0]]],"delay":1,"gamma":0.4556735646059177,"pit":[[0,[0.9994520547914587,0.0005479452085413345]],[1,[0.0,1.0]]],"src":"17.63265#18.71429#79.91837#81.95918#Bombing_Explosion-Facility_Infrastructure_Attack","tgt":"17.63265#18.71429#79.91837#81.95918#VAR"},"_17.63265#18.71429#79.91837#81.95918#VAR_17.63265#18.71429#79.91837#81.95918#VAR_DEL_1.mod":{"aut":[[0,[0,1]],[1,[-1,0]]],"delay":1,"gamma":0.4556735646059177,"pit":[[0,[0.9994520547914587,0.0005479452085413345]],[1,[0.0,1.0]]],"src":"17.63265#18.71429#79.91837#81.95918#VAR","tgt":"17.63265#18.71429#79.91837#81.95918#VAR"},"_31.69388#32.77551#32.97959#35.02041#Bombing_Explosion-Facility_Infrastructure_Attack_17.63265#18.71429#79.91837#81.95918#VAR_DEL_2.mod":{"aut":[[0,[0,1]],[1,[-1,0]]],"delay":2,"gamma":0.4559537926744438,"pit":[[0,[0.9994493392149976,0.0005506607850024779]],[1,[0.0,1.0]]],"src":"31.69388#32.77551#32.97959#35.02041#Bombing_Explosion-Facility_Infrastructure_Attack","tgt":"17.63265#18.71429#79.91837#81.95918#VAR"},"_31.69388#32.77551#32.97959#35.02041#VAR_17.63265#18.71429#79.91837#81.95918#VAR_DEL_2.mod":{"aut":[[0,[0,1]],[1,[-1,0]]],"delay":2,"gamma":0.45623500211137014,"pit":[[0,[0.999446902671222,0.0005530973287779364]],[1,[0.0,1.0]]],"src":"31.69388#32.77551#32.97959#35.02041#VAR","tgt":"17.63265#18.71429#79.91837#81.95918#VAR"},"_32.77551#33.85714#43.18367#45.22449#Bombing_Explosion-Facility_Infrastructure_Attack_17.63265#18.71429#79.91837#81.95918#VAR_DEL_4.mod":{"aut":[[0,[0,1]],[1,[-1,0]]],"delay":4,"gamma":0.4561496428344898,"pit":[[0,[0.999446902671222,0.0005530973287779364]],[1,[0.0,1.0]]],"src":"32.77551#33.85714#43.18367#45.22449#Bombing_Explosion-Facility_Infrastructure_Attack","tgt":"17.63265#18.71429#79.91837#81.95918#VAR"},"_32.77551#33.85714#43.18367#45.22449#VAR_17.63265#18.71429#79.91837#81.95918#VAR_DEL_4.mod":{"aut":[[0,[0,1]],[1,[-1,0]]],"delay":4,"gamma":0.4563593740623759,"pit":[[0,[0.9994450610356943,0.0005549389643056604]],[1,[0.0,1.0]]],"src":"32.77551#33.85714#43.18367#45.22449#VAR","tgt":"17.63265#18.71429#79.91837#81.95918#VAR"},"_33.85714#34.93878#67.67347#69.71429#Bombing_Explosion-Facility_Infrastructure_Attack_17.63265#18.71429#79.91837#81.95918#VAR_DEL_6.mod":{"aut":[[0,[0,1]],[1,[-1,0]]],"delay":6,"gamma":0.4137692355443049,"pit":[[0,[0.999400119971256,0.0005998800287439966]],[1,[0.0,1.0]]],"src":"33.85714#34.93878#67.67347#69.71429#Bombing_Explosion-Facility_Infrastructure_Attack","tgt":"17.63265#18.71429#79.91837#81.95918#VAR"},"_33.85714#34.93878#67.67347#69.71429#VAR_17.63265#18.71429#79.91837#81.95918#VAR_DEL_6.mod":{"aut":[[0,[0,1]],[1,[-1,0]]],"delay":6,"gamma":0.42418133315429996,"pit":[[0,[0.9994107248051928,0.000589275194807269]],[1,[0.0,1.0]]],"src":"33.85714#34.93878#67.67347#69.71429#VAR","tgt":"17.63265#18.71429#79.91837#81.95918#VAR"},"_33.85714#34.93878#73.79592#75.83673#VAR_17.63265#18.71429#79.91837#81.95918#VAR_DEL_3.mod":{"aut":[[0,[0,1]],[1,[-1,0]]],"delay":3,"gamma":1.0,"pit":[[0,[1.0,0.0]],[1,[0.0,1.0]]],"src":"33.85714#34.93878#73.79592#75.83673#VAR","tgt":"17.63265#18.71429#79.91837#81.95918#VAR"},"_33.85714#34.93878#73.79592#75.83673#VAR_17.63265#18.71429#79.91837#81.95918#VAR_DEL_8.mod":{"aut":[[0,[0,1]],[1,[-1,0]]],"delay":8,"gamma":1.0,"pit":[[0,[1.0,0.0]],[1,[0.0,1.0]]],"src":"33.85714#34.93878#73.79592#75.83673#VAR","tgt":"17.63265#18.71429#79.91837#81.95918#VAR"},"_36.02041#37.10204#2.36735#4.40816#Bombing_Explosion-Facility_Infrastructure_Attack_17.63265#18.71429#79.91837#81.95918#VAR_DEL_1.mod":{"aut":[[0,[1,0]],[1,[1,0]]],"delay":1,"gamma":0.03327350519926098,"pit":[[0,[1.0,0.0]],[1,[0.9985795454353634,0.0014204545646366153]]],"src":"36.02041#37.10204#2.36735#4.40816#Bombing_Explosion-Facility_Infrastructure_Attack","tgt":"17.63265#18.71429#79.91837#81.95918#VAR"},"_36.02041#37.10204#4.40816#6.44898#VAR_17.63265#18.71429#79.91837#81.95918#VAR_DEL_7.mod":{"aut":[[0,[0,1]],[1,[-1,0]]],"delay":7,"gamma":0.4565512677135869,"pit":[[0,[0.9994422755325166,0.0005577244674833684]],[1,[0.0,1.0]]],"src":"36.02041#37.10204#4.40816#6.44898#VAR","tgt":"17.63265#18.71429#79.91837#81.95918#VAR"},"_37.10204#38.18367#22.77551#24.81633#Bombing_Explosion-Facility_Infrastructure_Attack_17.63265#18.71429#79.91837#81.95918#VAR_DEL_9.mod":{"aut":[[0,[1,0]],[1,[2,0]],[2,[0,0]]],"delay":9,"gamma":0.059016903307486546,"pit":[[0,[1.0,0.0]],[1,[0.9982728843077766,0.0017271156922233693]],[2,[0.9982046678919794,0.0017953321080206766]]],"src":"37.10204#38.18367#22.77551#24.81633#Bombing_Explosion-Facility_Infrastructure_Attack","tgt":"17.63265#18.71429#79.91837#81.95918#VAR"},"_37.10204#38.18367#22.77551#24.81633#VAR_17.63265#18.71429#79.91837#81.95918#VAR_DEL_9.mod":{"aut":[[0,[1,0]],[1,[2,0]],[2,[0,0]]],"delay":9,"gamma":0.05945426432672829,"pit":[[0,[1.0,0.0]],[1,[0.9982698961730263,0.0017301038269736642]],[2,[0.9981949458363977,0.0018050541636022985]]],"src":"37.10204#38.18367#22.77551#24.81633#VAR","tgt":"17.63265#18.71429#79.91837#81.95918#VAR"},"_42.5102#43.59184#43.18367#45.22449#Bombing_Explosion-Facility_Infrastructure_Attack_17.63265#18.71429#79.91837#81.95918#VAR_DEL_3.mod":{"aut":[[0,[0,1]],[1,[-1,0]]],"delay":3,"gamma":0.4559840242721733,"pit":[[0,[0.9994487320898574,0.000551267910142642]],[1,[0.0,1.0]]],"src":"42.5102#43.59184#43.18367#45.22449#Bombing_Explosion-Facility_Infrastructure_Attack","tgt":"17.63265#18.71429#79.91837#81.95918#VAR"},"_42.5102#43.59184#43.18367#45.22449#VAR_17.63265#18.71429#79.91837#81.95918#VAR_DEL_3.mod":{"aut":[[0,[0,1]],[1,[-1,0]]],"delay":3,"gamma":0.06013284878680869,"pit":[[0,[0.9989604989491236,0.0010395010508763413]],[1,[0.0,1.0]]],"src":"42.5102#43.59184#43.18367#45.22449#VAR","tgt":"17.63265#18.71429#79.91837#81.95918#VAR"},"_42.5102#43.59184#8.4898#10.53061#VAR_17.63265#18.71429#79.91837#81.95918#VAR_DEL_9.mod":{"aut":[[0,[1,0]],[1,[2,0]],[2,[0,0]]],"delay":9,"gamma":0.058906161571245175,"pit":[[0,[1.0,0.0]],[1,[0.9982728843077766,0.0017271156922233693]],[2,[0.9982206405517877,0.001779359448212282]]],"src":"42.5102#43.59184#8.4898#10.53061#VAR","tgt":"17.63265#18.71429#79.91837#81.95918#VAR"}}
