{"_-4.0#-2.91837#28.89796#30.93878#VAR_18.71429#19.79592#79.91837#81.95918#VAR_DEL_9.mod":{"aut":[[0,[0,1]],[1,[-1,0]]],"delay":9,"gamma":1.0,"pit":[[0,[1.0,0.0]],[1,[0.0,1.0]]],"src":"-4.0#-2.91837#28.89796#30.93878#VAR","tgt":"18.71429#19.79592#79.91837#81.95918#VAR"},"_18.71429#19.79592#79.91837#81.95918#Bombing_Explosion-Facility_Infrastructure_Attack_18.71429#19.79592#79.91837#81.95918#VAR_DEL_1.mod":{"aut":[[0,[0,1]],[1,[-1,0]]],"delay":1,"gamma":0.4556735646059177,"pit":[[0,[0.9994520547914587,0.0005479452085413345]],[1,[0.0,1.0]]],"src":"18.71429#19.79592#79.91837#81.95918#Bombing_Explosion-Facility_Infrastructure_Attack","tgt":"18.71429#19.79592#79.91837#81.95918#VAR"},"_18.71429#19.79592#79.91837#81.95918#VAR_18.71429#19.79592#79.91837#81.95918#VAR_DEL_1.mod":{"aut":[[0,[0,1]],[1,[-1,0]]],"delay":1,"gamma":0.4556735646059177,"pit":[[0,[0.9994520547914587,0.0005479452085413345]],[1,[0.0,1.0]]],"src":"18.71429#19.79592#79.91837#81.95918#VAR","tgt":"18.71429#19.79592#79.91837#81.95918#VAR"},"_30.61224#31.69388#35.02041#37.06122#Armed_Assault-Hostage_Taking_Barricade_Incident-Hijacking-Assassination-Hostage_Taking_Kidnapping__18.71429#19.79592#79.91837#81.95918#VAR_DEL_5.mod":{"aut":[[0,[0,1]],[1,[-1,0]]],"delay":5,"gamma":1.0,"pit":[[0,[1.0,0.0]],[1,[0.0,1.0]]],"src":"30.61224#31.69388#35.02041#37.06122#Armed_Assault-Hostage_Taking_Barricade_Incident-Hijacking-Assassination-Hostage_Taking_Kidnapping_","tgt":"18.71429#19.79592#79.91837#81.95918#VAR"},"_30.61224#31.69388#35.02041#37.06122#VAR_18.71429#19.79592#79.91837#81.95918#VAR_DEL_5.mod":{"aut":[[0,[0,1]],[1,[-1,0]]],"delay":5,"gamma":1.0,"pit":[[0,[1.0,0.0]],[1,[0.0,1.0]]],"src":"30.61224#31.69388#35.02041#37.06122#VAR","tgt":"18.71429#19.79592#79.91837#81.95918#VAR"},"_30.61224#31.69388#35.02041#37.06122#VAR_18.71429#19.79592#79.91837#81.95918#VAR_DEL_9.mod":{"aut":[[0,[0,1]],[1,[-1,0]]],"delay":9,"gamma":1.0,"pit":[[0,[1.0,0.0]],[1,[0.0,1.0]]],"src":"30.61224#31.69388#35.02041#37.06122#VAR","tgt":"18.71429#19.79592#79.91837#81.95918#VAR"},"_31.69388#32.77551#35.02041#37.06122#VAR_18.71429#19.79592#79.91837#81.95918#VAR_DEL_0.mod":{"aut":[[0,[0,1]],[1,[-1,0]]],"delay":0,"gamma":1.0,"pit":[[0,[1.0,0.0]],[1,[0.0,1.0]]],"src":"31.69388#32.77551#35.02041#37.06122#VAR","tgt":"18.71429#19.79592#79.91837#81.95918#VAR"},"_32.77551#33.85714#35.02041#37.06122#VAR_18.71429#19.79592#79.91837#81.95918#VAR_DEL_0.mod":{"aut":[[0,[0,1]],[1,[-1,0]]],"delay":0,"gamma":1.0,"pit":[[0,[1.0,0.0]],[1,[0.0,1.0]]],"src":"32.77551#33.85714#35.02041#37.06122#VAR","tgt":"18.71429#19.79592#79.91837#81.95918#VAR"},"_32.77551#33.85714#35.02041#37.06122#VAR_18.71429#19.79592#79.91837#81.95918#VAR_DEL_4.mod":{"aut":[[0,[0,1]],[1,[-1,0]]],"delay":4,"gamma":1.0,"pit":[[0,[1.0,0.0]],[1,[0.0,1.0]]],"src":"32.77551#33.85714#35.02041#37.06122#VAR","tgt":"18.71429#19.79592#79.91837#81.95918#VAR"},"_32.77551#33.85714#43.18367#45.22449#Bombing_Explosion-Facility_Infrastructure_Attack_18.71429#19.79592#79.91837#81.95918#VAR_DEL_4.mod":{"aut":[[0,[0,1]],[1,[-1,0]]],"delay":4,"gamma":0.4561496428344898,"pit":[[0,[0.999446902671222,0.0005530973287779364]],[1,[0.0,1.0]]],"src":"32.77551#33.85714#43.18367#45.22449#Bombing_Explosion-Facility_Infrastructure_Attack","tgt":"18.71429#19.79592#79.91837#81.95918#VAR"},"_32.77551#33.85714#43.18367#45.22449#VAR_18.71429#19.79592#79.91837#81.95918#VAR_DEL_4.mod":{"aut":[[0,[0,1]],[1,[-1,0]]],"delay":4,"gamma":0.4563593740623759,"pit":[[0,[0.9994450610356943,0.0005549389643056604]],[1,[0.0,1.0]]],"src":"32.77551#33.85714#43.18367#45.22449#VAR","tgt":"18.71429#19.79592#79.91837#81.95918#VAR"},"_36.02041#37.10204#0.32653#2.36735#VAR_18.71429#19.79592#79.91837#81.95918#VAR_DEL_2.mod":{"aut":[[0,[0,1]],[1,[-1,0]]],"delay":2,"gamma":1.0,"pit":[[0,[1.0,0.0]],[1,[0.0,1.0]]],"src":"36.02041#37.10204#0.32653#2.36735#VAR","tgt":"18.71429#19.79592#79.91837#81.95918#VAR"},"_36.02041#37.10204#2.36735#4.40816#Armed_Assault-Hostage_Taking_Barricade_Incident-Hijacking-Assassination-Hostage_Taking_Kidnapping__18.71429#19.79592#79.91837#81.95918#VAR_DEL_3.mod":{"aut":[[0,[0,1]],[1,[-1,0]]],"delay":3,"gamma":1.0,"pit":[[0,[1.0,0.0]],[1,[0.0,1.0]]],"src":"36.02041#37.10204#2.36735#4.40816#Armed_Assault-Hostage_Taking_Barricade_Incident-Hijacking-Assassination-Hostage_Taking_Kidnapping_","tgt":"18.71429#19.79592#79.91837#81.95918#VAR"},"_36.02041#37.10204#2.36735#4.40816#Armed_Assault-Hostage_Taking_Barricade_Incident-Hijacking-Assassination-Hostage_Taking_Kidnapping__18.71429#19.79592#79.91837#81.95918#VAR_DEL_7.mod":{"aut":[[0,[0,1]],[1,[-1,0]]],"delay":7,"gamma":1.0,"pit":[[0,[1.0,0.0]],[1,[0.0,1.0]]],"src":"36.02041#37.10204#2.36735#4.40816#Armed_Assault-Hostage_Taking_Barricade_Incident-Hijacking-Assassination-Hostage_Taking_Kidnapping_","tgt":"18.71429#19.79592#79.91837#81.95918#VAR"},"_42.5102#43.59184#43.18367#45.22449#Armed_Assault-Hostage_Taking_Barricade_Incident-Hijacking-Assassination-Hostage_Taking_Kidnapping__18.71429#19.79592#79.91837#81.95918#VAR_DEL_6.mod":{"aut":[[0,[0,1]],[1,[-1,0]]],"delay":6,"gamma":0.45586573245773365,"pit":[[0,[0.9994487320898574,0.000551267910142642]],[1,[0.0,1.0]]],"src":"42.5102#43.59184#43.18367#45.22449#Armed_Assault-Hostage_Taking_Barricade_Incident-Hijacking-Assassination-Hostage_Taking_Kidnapping_","tgt":"18.71429#19.79592#79.91837#81.95918#VAR"},"_42.5102#43.59184#43.18367#45.22449#VAR_18.71429#19.79592#79.91837#81.95918#VAR_DEL_6.mod":{"aut":[[0,[0,1]],[1,[-1,0]]],"delay":6,"gamma":1.0,"pit":[[0,[1.0,0.0]],[1,[0.0,1.0]]],"src":"42.5102#43.59184#43.18367#45.22449#VAR","tgt":"18.71429#19.79592#79.91837#81.95918#VAR"},"_42.5102#43.59184#45.22449#47.26531#VAR_18.71429#19.79592#79.91837#81.95918#VAR_DEL_7.mod":{"aut":[[0,[0,1]],[1,[-1,0]]],"delay":7,"gamma":1.0,"pit":[[0,[1.0,0.0]],[1,[0.0,1.0]]],"src":"42.5102#43.59184#45.22449#47.26531#VAR","tgt":"18.71429#19.79592#79.91837#81.95918#VAR"}}
