{"_-4.0#-2.91837#28.89796#30.93878#VAR_27.36735#28.44898#65.63265#67.67347#VAR_DEL_3.mod":{"aut":[[0,[1,0]],[1,[1,0]]],"delay":3,"gamma":0.015594724785204628,"pit":[[0,[1.0,0.0]],[1,[0.9975475168087167,0.0024524831912833755]]],"src":"-4.0#-2.91837#28.89796#30.93878#VAR","tgt":"27.36735#28.44898#65.63265#67.67347#VAR"},"_24.12245#25.20408#65.63265#67.67347#Armed_Assault-Hostage_Taking_Barricade_Incident-Hijacking-Assassination-Hostage_Taking_Kidnapping__27.36735#28.44898#65.63265#67.67347#VAR_DEL_4.mod":{"aut":[[0,[1,0]],[1,[2,0]],[2,[1,0]]],"delay":4,"gamma":0.02620237610189724,"pit":[[0,[1.0,0.0]],[1,[0.9974093263802345,0.002590673619765462]],[2,[0.9972640219537564,0.002735978046243584]]],"src":"24.12245#25.20408#65.63265#67.67347#Armed_Assault-Hostage_Taking_Barricade_Incident-Hijacking-Assassination-Hostage_Taking_Kidnapping_","tgt":"27.36735#28.44898#65.63265#67.67347#VAR"},"_27.36735#28.44898#65.63265#67.67347#VAR_27.36735#28.44898#65.63265#67.67347#VAR_DEL_1.mod":{"aut":[[0,[0,1]],[1,[-1,0]]],"delay":1,"gamma":0.45137770852056924,"pit":[[0,[0.9989035087683557,0.00109649123164433]],[1,[0.0,1.0]]],"src":"27.36735#28.44898#65.63265#67.67347#VAR","tgt":"27.36735#28.44898#65.63265#67.67347#VAR"},"_31.69388#32.77551#18.69388#20.73469#Armed_Assault-Hostage_Taking_Barricade_Incident-Hijacking-Assassination-Hostage_Taking_Kidnapping__27.36735#28.44898#65.63265#67.67347#VAR_DEL_6.mod":{"aut":[[0,[0,1]],[1,[-1,0]]],"delay":6,"gamma":0.21978061448985342,"pit":[[0,[0.9983507421522013,0.0016492578477986309]],[1,[0.0,1.0]]],"src":"31.69388#32.77551#18.69388#20.73469#Armed_Assault-Hostage_Taking_Barricade_Incident-Hijacking-Assassination-Hostage_Taking_Kidnapping_","tgt":"27.36735#28.44898#65.63265#67.67347#VAR"},"_31.69388#32.77551#18.69388#20.73469#VAR_27.36735#28.44898#65.63265#67.67347#VAR_DEL_6.mod":{"aut":[[0,[0,1]],[1,[-1,0]]],"delay":6,"gamma":0.21978061448985342,"pit":[[0,[0.9983507421522013,0.0016492578477986309]],[1,[0.0,1.0]]],"src":"31.69388#32.77551#18.69388#20.73469#VAR","tgt":"27.36735#28.44898#65.63265#67.67347#VAR"},"_31.69388#32.77551#43.18367#45.22449#Bombing_Explosion-Facility_Infrastructure_Attack_27.36735#28.44898#65.63265#67.67347#VAR_DEL_6.mod":{"aut":[[0,[0,1]],[1,[-1,0]]],"delay":6,"gamma":0.21978061448985342,"pit":[[0,[0.9983507421522013,0.0016492578477986309]],[1,[0.0,1.0]]],"src":"31.69388#32.77551#43.18367#45.22449#Bombing_Explosion-Facility_Infrastructure_Attack","tgt":"27.36735#28.44898#65.63265#67.67347#VAR"},"_31.69388#32.77551#43.18367#45.22449#VAR_27.36735#28.44898#65.63265#67.67347#VAR_DEL_6.mod":{"aut":[[0,[0,1]],[1,[-1,0]]],"delay":6,"gamma":0.21989425459752554,"pit":[[0,[0.9983489268166451,0.0016510731833548702]],[1,[0.0,1.0]]],"src":"31.69388#32.77551#43.18367#45.22449#VAR","tgt":"27.36735#28.44898#65.63265#67.67347#VAR"},"_32.77551#33.85714#71.7551#73.79592#Bombing_Explosion-Facility_Infrastructure_Attack_27.36735#28.44898#65.63265#67.67347#VAR_DEL_2.mod":{"aut":[[0,[0,1]],[1,[-1,0]]],"delay":2,"gamma":0.22031045870253385,"pit":[[0,[0.9983461962766635,0.001653803723336474]],[1,[0.0,1.0]]],"src":"32.77551#33.85714#71.7551#73.79592#Bombing_Explosion-Facility_Infrastructure_Attack","tgt":"27.36735#28.44898#65.63265#67.67347#VAR"},"_32.77551#33.85714#73.79592#75.83673#Armed_Assault-Hostage_Taking_Barricade_Incident-Hijacking-Assassination-Hostage_Taking_Kidnapping__27.36735#28.44898#65.63265#67.67347#VAR_DEL_2.mod":{"aut":[[0,[0,1]],[1,[-1,0]]],"delay":2,"gamma":0.2209489319154574,"pit":[[0,[0.9983361065883605,0.0016638934116395292]],[1,[0.0,1.0]]],"src":"32.77551#33.85714#73.79592#75.83673#Armed_Assault-Hostage_Taking_Barricade_Incident-Hijacking-Assassination-Hostage_Taking_Kidnapping_","tgt":"27.36735#28.44898#65.63265#67.67347#VAR"},"_33.85714#34.93878#43.18367#45.22449#Bombing_Explosion-Facility_Infrastructure_Attack_27.36735#28.44898#65.63265#67.67347#VAR_DEL_0.mod":{"aut":[[0,[0,1]],[1,[-1,0]]],"delay":0,"gamma":0.2195429524450644,"pit":[[0,[0.9983534578155495,0.0016465421844504865]],[1,[0.0,1.0]]],"src":"33.85714#34.93878#43.18367#45.22449#Bombing_Explosion-Facility_Infrastructure_Attack","tgt":"27.36735#28.44898#65.63265#67.67347#VAR"},"_33.85714#34.93878#43.18367#45.22449#VAR_27.36735#28.44898#65.63265#67.67347#VAR_DEL_0.mod":{"aut":[[0,[0,1]],[1,[-1,0]]],"delay":0,"gamma":0.21965869689723816,"pit":[[0,[0.998351648291138,0.0016483517088620272]],[1,[0.0,1.0]]],"src":"33.85714#34.93878#43.18367#45.22449#VAR","tgt":"27.36735#28.44898#65.63265#67.67347#VAR"},"_36.02041#37.10204#2.36735#4.40816#Armed_Assault-Hostage_Taking_Barricade_Incident-Hijacking-Assassination-Hostage_Taking_Kidnapping__27.36735#28.44898#65.63265#67.67347#VAR_DEL_1.mod":{"aut":[[0,[1,0]],[1,[1,0]]],"delay":1,"gamma":0.028676655109517113,"pit":[[0,[1.0,0.0]],[1,[0.9973136332888992,0.00268636671110082]]],"src":"36.02041#37.10204#2.36735#4.40816#Armed_Assault-Hostage_Taking_Barricade_Incident-Hijacking-Assassination-Hostage_Taking_Kidnapping_","tgt":"27.36735#28.44898#65.63265#67.67347#VAR"},"_36.02041#37.10204#4.40816#6.44898#Bombing_Explosion-Facility_Infrastructure_Attack_27.36735#28.44898#65.63265#67.67347#VAR_DEL_7.mod":{"aut":[[0,[0,1]],[1,[-1,0]]],"delay":7,"gamma":0.22039848256856254,"pit":[[0,[0.9983397897566897,0.001660210243310301]],[1,[0.0,1.0]]],"src":"36.02041#37.10204#4.40816#6.44898#Bombing_Explosion-Facility_Infrastructure_Attack","tgt":"27.36735#28.44898#65.63265#67.67347#VAR"},"_36.02041#37.10204#4.40816#6.44898#VAR_27.36735#28.44898#65.63265#67.67347#VAR_DEL_4.mod":{"aut":[[0,[1,0]],[1,[2,0]],[2,[0,-1]]],"delay":4,"gamma":0.47290356558088364,"pit":[[0,[0.9983948635368685,0.0016051364631315826]],[1,[0.9983193277150486,0.0016806722849513553]],[2,[1.0,0.0]]],"src":"36.02041#37.10204#4.40816#6.44898#VAR","tgt":"27.36735#28.44898#65.63265#67.67347#VAR"},"_37.10204#38.18367#22.77551#24.81633#VAR_27.36735#28.44898#65.63265#67.67347#VAR_DEL_9.mod":{"aut":[[0,[1,0]],[1,[1,0]]],"delay":9,"gamma":0.012213942047262338,"pit":[[0,[1.0,0.0]],[1,[0.997593261123042,0.0024067388769579887]]],"src":"37.10204#38.18367#22.77551#24.81633#VAR","tgt":"27.36735#28.44898#65.63265#67.67347#VAR"},"_41.42857#42.5102#8.4898#10.53061#Bombing_Explosion-Facility_Infrastructure_Attack_27.36735#28.44898#65.63265#67.67347#VAR_DEL_6.mod":{"aut":[[0,[1,0]],[1,[1,0]]],"delay":6,"gamma":0.017222413206363085,"pit":[[0,[1.0,0.0]],[1,[0.9975108898283338,0.0024891101716662326]]],"src":"41.42857#42.5102#8.4898#10.53061#Bombing_Explosion-Facility_Infrastructure_Attack","tgt":"27.36735#28.44898#65.63265#67.67347#VAR"},"_41.42857#42.5102#8.4898#10.53061#VAR_27.36735#28.44898#65.63265#67.67347#VAR_DEL_6.mod":{"aut":[[0,[1,0]],[1,[1,0]]],"delay":6,"gamma":0.019119463029885653,"pit":[[0,[1.0,0.0]],[1,[0.9974763407336683,0.0025236592663316886]]],"src":"41.42857#42.5102#8.4898#10.53061#VAR","tgt":"27.36735#28.44898#65.63265#67.67347#VAR"},"_42.5102#43.59184#43.18367#45.22449#Bombing_Explosion-Facility_Infrastructure_Attack_27.36735#28.44898#65.63265#67.67347#VAR_DEL_7.mod":{"aut":[[0,[1,0]],[1,[2,0]],[2,[0,-1]]],"delay":7,"gamma":0.47871643461239544,"pit":[[0,[0.9983686786175358,0.0016313213824642424]],[1,[0.9983443708474353,0.0016556291525646897]],[2,[1.0,0.0]]],"src":"42.5102#43.59184#43.18367#45.22449#Bombing_Explosion-Facility_Infrastructure_Attack","tgt":"27.36735#28.44898#65.63265#67.67347#VAR"},"_42.5102#43.59184#43.18367#45.22449#VAR_27.36735#28.44898#65.63265#67.67347#VAR_DEL_7.mod":{"aut":[[0,[1,0]],[1,[2,0]],[2,[0,-1]]],"delay":7,"gamma":0.4743230302314396,"pit":[[0,[0.9984051036805158,0.0015948963194841925]],[1,[0.9983164983037592,0.0016835016962407343]],[2,[1.0,0.0]]],"src":"42.5102#43.59184#43.18367#45.22449#VAR","tgt":"27.36735#28.44898#65.63265#67.67347#VAR"},"_42.5102#43.59184#45.22449#47.26531#Bombing_Explosion-Facility_Infrastructure_Attack_27.36735#28.44898#65.63265#67.67347#VAR_DEL_1.mod":{"aut":[[0,[0,1]],[1,[-1,0]]],"delay":1,"gamma":0.22118702587391803,"pit":[[0,[0.9983333332956924,0.0016666667043076207]],[1,[0.0,1.0]]],