{"_-4.0#-2.91837#28.89796#30.93878#VAR_31.69388#32.77551#18.69388#20.73469#VAR_DEL_5.mod":{"aut":[[0,[1,0]],[1,[1,0]]],"delay":5,"gamma":0.015486111292849825,"pit":[[0,[1.0,0.0]],[1,[0.9975445057719116,0.0024554942280884244]]],"src":"-4.0#-2.91837#28.89796#30.93878#VAR","tgt":"31.69388#32.77551#18.69388#20.73469#VAR"},"_1.40816#2.4898#45.22449#47.26531#Armed_Assault-Hostage_Taking_Barricade_Incident-Hijacking-Assassination-Hostage_Taking_Kidnapping__31.69388#32.77551#18.69388#20.73469#VAR_DEL_9.mod":{"aut":[[0,[0,1]],[1,[-1,0]]],"delay":9,"gamma":0.2204492631209729,"pit":[[0,[0.9983370287836625,0.0016629712163375695]],[1,[0.0,1.0]]],"src":"1.40816#2.4898#45.22449#47.26531#Armed_Assault-Hostage_Taking_Barricade_Incident-Hijacking-Assassination-Hostage_Taking_Kidnapping_","tgt":"31.69388#32.77551#18.69388#20.73469#VAR"},"_25.20408#26.28571#67.67347#69.71429#VAR_31.69388#32.77551#18.69388#20.73469#VAR_DEL_0.mod":{"aut":[[0,[0,1]],[1,[-1,0]]],"delay":0,"gamma":0.22000689982152832,"pit":[[0,[0.9983461962766635,0.001653803723336474]],[1,[0.0,1.0]]],"src":"25.20408#26.28571#67.67347#69.71429#VAR","tgt":"31.69388#32.77551#18.69388#20.73469#VAR"},"_29.53061#30.61224#30.93878#32.97959#VAR_31.69388#32.77551#18.69388#20.73469#VAR_DEL_9.mod":{"aut":[[0,[0,1]],[1,[-1,0]]],"delay":9,"gamma":0.22022334234617658,"pit":[[0,[0.9983407080005309,0.0016592919994691657]],[1,[0.0,1.0]]],"src":"29.53061#30.61224#30.93878#32.97959#VAR","tgt":"31.69388#32.77551#18.69388#20.73469#VAR"},"_31.69388#32.77551#18.69388#20.73469#Armed_Assault-Hostage_Taking_Barricade_Incident-Hijacking-Assassination-Hostage_Taking_Kidnapping__31.69388#32.77551#18.69388#20.73469#VAR_DEL_1.mod":{"aut":[[0,[0,1]],[1,[-1,0]]],"delay":1,"gamma":0.45137770852056924,"pit":[[0,[0.9989035087683557,0.00109649123164433]],[1,[0.0,1.0]]],"src":"31.69388#32.77551#18.69388#20.73469#Armed_Assault-Hostage_Taking_Barricade_Incident-Hijacking-Assassination-Hostage_Taking_Kidnapping_","tgt":"31.69388#32.77551#18.69388#20.73469#VAR"},"_31.69388#32.77551#18.69388#20.73469#VAR_31.69388#32.77551#18.69388#20.73469#VAR_DEL_1.mod":{"aut":[[0,[0,1]],[1,[-1,0]]],"delay":1,"gamma":0.45137770852056924,"pit":[[0,[0.9989035087683557,0.00109649123164433]],[1,[0.0,1.0]]],"src":"31.69388#32.77551#18.69388#20.73469#VAR","tgt":"31.69388#32.77551#18.69388#20.73469#VAR"},"_31.69388#32.77551#43.18367#45.22449#Bombing_Explosion-Facility_Infrastructure_Attack_31.69388#32.77551#18.69388#20.73469#VAR_DEL_1.mod":{"aut":[[0,[0,1]],[1,[-1,0]]],"delay":1,"gamma":0.2197911547534228,"pit":[[0,[0.99835526315598,0.0016447368440199888]],[1,[0.0,1.0]]],"src":"31.69388#32.77551#43.18367#45.22449#Bombing_Explosion-Facility_Infrastructure_Attack","tgt":"31.69388#32.77551#18.69388#20.73469#VAR"},"_31.69388#32.77551#43.18367#45.22449#VAR_31.69388#32.77551#18.69388#20.73469#VAR_DEL_1.mod":{"aut":[[0,[0,1]],[1,[-1,0]]],"delay":1,"gamma":0.21990680664638562,"pit":[[0,[0.9983534578155495,0.0016465421844504865]],[1,[0.0,1.0]]],"src":"31.69388#32.77551#43.18367#45.22449#VAR","tgt":"31.69388#32.77551#18.69388#20.73469#VAR"},"_31.69388#32.77551#73.79592#75.83673#VAR_31.69388#32.77551#18.69388#20.73469#VAR_DEL_8.mod":{"aut":[[0,[0,1]],[1,[-1,0]]],"delay":8,"gamma":0.22191285564414098,"pit":[[0,[0.9983212086817674,0.0016787913182326102]],[1,[0.0,1.0]]],"src":"31.69388#32.77551#73.79592#75.83673#VAR","tgt":"31.69388#32.77551#18.69388#20.73469#VAR"},"_32.77551#33.85714#35.02041#37.06122#VAR_31.69388#32.77551#18.69388#20.73469#VAR_DEL_7.mod":{"aut":[[0,[1,0]],[1,[1,0]]],"delay":7,"gamma":0.022124034163329753,"pit":[[0,[1.0,0.0]],[1,[0.9974408189199152,0.002559181080084778]]],"src":"32.77551#33.85714#35.02041#37.06122#VAR","tgt":"31.69388#32.77551#18.69388#20.73469#VAR"},"_33.85714#34.93878#73.79592#75.83673#VAR_31.69388#32.77551#18.69388#20.73469#VAR_DEL_8.mod":{"aut":[[0,[1,0]],[1,[1,0]]],"delay":8,"gamma":0.018662491819107507,"pit":[[0,[1.0,0.0]],[1,[0.9975015615438257,0.0024984384561742875]]],"src":"33.85714#34.93878#73.79592#75.83673#VAR","tgt":"31.69388#32.77551#18.69388#20.73469#VAR"},"_38.18367#39.26531#39.10204#41.14286#VAR_31.69388#32.77551#18.69388#20.73469#VAR_DEL_1.mod":{"aut":[[0,[1,0]],[1,[2,0]],[2,[0,-1]]],"delay":1,"gamma":0.26003780437795243,"pit":[[0,[0.9967845659762908,0.0032154340237091593]],[1,[0.9983361064891847,0.0016638935108153079]],[2,[1.0,0.0]]],"src":"38.18367#39.26531#39.10204#41.14286#VAR","tgt":"31.69388#32.77551#18.69388#20.73469#VAR"},"_41.42857#42.5102#8.4898#10.53061#Bombing_Explosion-Facility_Infrastructure_Attack_31.69388#32.77551#18.69388#20.73469#VAR_DEL_0.mod":{"aut":[[0,[1,0]],[1,[2,0]],[2,[1,0]]],"delay":0,"gamma":0.01650168072759184,"pit":[[0,[1.0,0.0]],[1,[0.9975757575650332,0.002424242434966745]],[2,[0.9974587038777688,0.0025412961222311898]]],"src":"41.42857#42.5102#8.4898#10.53061#Bombing_Explosion-Facility_Infrastructure_Attack","tgt":"31.69388#32.77551#18.69388#20.73469#VAR"},"_41.42857#42.5102#8.4898#10.53061#Bombing_Explosion-Facility_Infrastructure_Attack_31.69388#32.77551#18.69388#20.73469#VAR_DEL_4.mod":{"aut":[[0,[0,1]],[1,[2,0]],[2,[0,0]]],"delay":4,"gamma":0.025961367999009832,"pit":[[0,[0.9982373678421883,0.001762632157811709]],[1,[0.9909909908231851,0.009009009176814877]],[2,[1.0,0.0]]],"src":"41.42857#42.5102#8.4898#10.53061#Bombing_Explosion-Facility_Infrastructure_Attack","tgt":"31.69388#32.77551#18.69388#20.73469#VAR"},"_41.42857#42.5102#8.4898#10.53061#VAR_31.69388#32.77551#18.69388#20.73469#VAR_DEL_0.mod":{"aut":[[0,[1,0]],[1,[2,0]],[2,[2,0]]],"delay":0,"gamma":0.048096890672335024,"pit":[[0,[1.0,0.0]],[1,[0.9885057468695202,0.011494253130479798]],[2,[0.9980039919546234,0.001996008045376539]]],"src":"41.42857#42.5102#8.4898#10.53061#VAR","tgt":"31.69388#32.77551#18.69388#20.73469#VAR"},"_42.5102#43.59184#8.4898#10.53061#VAR_31.69388#32.77551#18.69388#20.73469#VAR_DEL_0.mod":{"aut":[[0,[1,0]],[1,[2,0]],[2,[2,0]]],"delay":0,"gamma":0.05467484873973738,"pit":[[0,[1.0,0.0]],[1,[0.9821428575752569,0.01785714242474312]],[2,[0.9981673793234591,0.0018326206765408983]]],"src":"42.5102#43.59184#8.4898#10.53061#VAR","tgt":"31.69388#32.77551#18.69388#20.73469#VAR"},"_42.5102#43.59184#8.4898#10.53061#VAR_31.69388#32.77551#18.69388#20.73469#VAR_DEL_1.mod":{"aut":[[0,[0,1]],[1,[2,3]],[2,[4,0]],[3,[2,0]],[4,[0,0]]],"delay":1,"gamma":0.36060426556918246,"pit":[[0,[1.0,0.0]],[1,[1.0,0.0]],[2,[0.96,0.04]],[3,[0.9814814815504683,0.018518518449531663]],[4,[0.9787234037004886,0.02127659629951135]]],"src":"42.5102#43.59184#8.4898#10.53061#VAR","tgt":"31.69388#32.77551#18.69388#20.73469#VAR"},"_42.5102#43.59184#8.4898#10.53061#VAR_31.69388#32.77551#18.69388#20.73469#VAR_DEL_5.mod":{"aut":[[0,[1,0]],[1,[1,0]]],"delay":5,"gamma":0.01048486585692232,"pit":[[0,[1.0,0.0]],[1,[0.9976317346883996,0.002368265311600384]]],"src":"42.5102#43.59184#8.4898#10.53061#VAR","tgt":"31.69388#32.77551#18.69388#20.73469#VAR"},"_8.97959#10.06122#79.91837#81.95918#Bombing_Explosion-Facility_Infrastructure_Attack_31.69388#32.77551#18.69388#20.73469#VAR_DEL_2.mod":{"aut":[[0,[0,1]],[1,[-1,0]]],"delay":2,"gamma":1.0,"pit":[[0,[1.0,0.0]],[1,[0.0,1.0]]],"src":"8.97959#10.06122#79.91837#81.95918#Bombing_Explosion-Facility_Infrastructure_Attack","tgt":"31.69388#32.77551#18.69388#20.73469#VAR"},"_8.97959#10.06122#79.91837#81.95918#Bombing_Explosion-Facility_Infrastructure_Attack_31.69388#32.77551#18.69388#20.73469#VAR_DEL_7.mod":{"aut":[[0,[0,1]],[1,[-1,0]]],"delay":7,"gamma":1.0,"pit":[[0,[1.0,0.0]],[1,[0.0,1.0]]],"src":"8.97959#10.06122#79.91837#81.95918#Bombing_Explosion-Facility_Infrastructure_Attack","tgt":"31.69388#32.77551#18.69388#20.73469#VAR"}}
