{"_24.12245#25.20408#65.63265#67.67347#Armed_Assault-Hostage_Taking_Barricade_Incident-Hijacking-Assassination-Hostage_Taking_Kidnapping__31.69388#32.77551#20.73469#22.77551#VAR_DEL_8.mod":{"aut":[[0,[1,0]],[1,[2,0]],[2,[0,0]]],"delay":8,"gamma":0.07276411313162856,"pit":[[0,[1.0,0.0]],[1,[0.9981203007181805,0.0018796992818194726]],[2,[0.9979959920390261,0.002004007960973918]]],"src":"24.12245#25.20408#65.63265#67.67347#Armed_Assault-Hostage_Taking_Barricade_Incident-Hijacking-Assassination-Hostage_Taking_Kidnapping_","tgt":"31.69388#32.77551#20.73469#22.77551#VAR"},"_25.20408#26.28571#49.30612#51.34694#Bombing_Explosion-Facility_Infrastructure_Attack_31.69388#32.77551#20.73469#22.77551#VAR_DEL_4.mod":{"aut":[[0,[0,1]],[1,[-1,0]]],"delay":4,"gamma":0.45324582013099846,"pit":[[0,[0.9994404029145302,0.0005595970854697887]],[1,[0.0,1.0]]],"src":"25.20408#26.28571#49.30612#51.34694#Bombing_Explosion-Facility_Infrastructure_Attack","tgt":"31.69388#32.77551#20.73469#22.77551#VAR"},"_25.20408#26.28571#49.30612#51.34694#VAR_31.69388#32.77551#20.73469#22.77551#VAR_DEL_4.mod":{"aut":[[0,[0,1]],[1,[-1,0]]],"delay":4,"gamma":0.45341358730470727,"pit":[[0,[0.9994388327743873,0.0005611672256127269]],[1,[0.0,1.0]]],"src":"25.20408#26.28571#49.30612#51.34694#VAR","tgt":"31.69388#32.77551#20.73469#22.77551#VAR"},"_29.53061#30.61224#65.63265#67.67347#Armed_Assault-Hostage_Taking_Barricade_Incident-Hijacking-Assassination-Hostage_Taking_Kidnapping__31.69388#32.77551#20.73469#22.77551#VAR_DEL_1.mod":{"aut":[[0,[0,1]],[1,[-1,0]]],"delay":1,"gamma":0.4557788370955742,"pit":[[0,[0.9994511525771869,0.0005488474228131584]],[1,[0.0,1.0]]],"src":"29.53061#30.61224#65.63265#67.67347#Armed_Assault-Hostage_Taking_Barricade_Incident-Hijacking-Assassination-Hostage_Taking_Kidnapping_","tgt":"31.69388#32.77551#20.73469#22.77551#VAR"},"_29.53061#30.61224#65.63265#67.67347#VAR_31.69388#32.77551#20.73469#22.77551#VAR_DEL_1.mod":{"aut":[[0,[0,1]],[1,[-1,0]]],"delay":1,"gamma":1.0,"pit":[[0,[1.0,0.0]],[1,[0.0,1.0]]],"src":"29.53061#30.61224#65.63265#67.67347#VAR","tgt":"31.69388#32.77551#20.73469#22.77551#VAR"},"_31.69388#32.77551#20.73469#22.77551#VAR_31.69388#32.77551#20.73469#22.77551#VAR_DEL_1.mod":{"aut":[[0,[0,1]],[1,[-1,0]]],"delay":1,"gamma":0.4556735646059177,"pit":[[0,[0.9994520547914587,0.0005479452085413345]],[1,[0.0,1.0]]],"src":"31.69388#32.77551#20.73469#22.77551#VAR","tgt":"31.69388#32.77551#20.73469#22.77551#VAR"},"_32.77551#33.85714#73.79592#75.83673#Bombing_Explosion-Facility_Infrastructure_Attack_31.69388#32.77551#20.73469#22.77551#VAR_DEL_5.mod":{"aut":[[0,[0,1]],[1,[-1,0]]],"delay":5,"gamma":0.420228173809182,"pit":[[0,[0.9994008388112753,0.000599161188724719]],[1,[0.0,1.0]]],"src":"32.77551#33.85714#73.79592#75.83673#Bombing_Explosion-Facility_Infrastructure_Attack","tgt":"31.69388#32.77551#20.73469#22.77551#VAR"},"_32.77551#33.85714#73.79592#75.83673#VAR_31.69388#32.77551#20.73469#22.77551#VAR_DEL_5.mod":{"aut":[[0,[0,1]],[1,[-1,0]]],"delay":5,"gamma":0.40891156538905726,"pit":[[0,[0.9993769470265721,0.0006230529734278773]],[1,[0.0,1.0]]],"src":"32.77551#33.85714#73.79592#75.83673#VAR","tgt":"31.69388#32.77551#20.73469#22.77551#VAR"},"_36.02041#37.10204#2.36735#4.40816#Bombing_Explosion-Facility_Infrastructure_Attack_31.69388#32.77551#20.73469#22.77551#VAR_DEL_1.mod":{"aut":[[0,[1,0]],[1,[2,0]],[2,[0,0]]],"delay":1,"gamma":0.07766817706638285,"pit":[[0,[1.0,0.0]],[1,[0.9980988593133762,0.0019011406866238654]],[2,[0.9978768576931153,0.002123142306884698]]],"src":"36.02041#37.10204#2.36735#4.40816#Bombing_Explosion-Facility_Infrastructure_Attack","tgt":"31.69388#32.77551#20.73469#22.77551#VAR"}}
