{"_-4.0#-2.91837#28.89796#30.93878#Armed_Assault-Hostage_Taking_Barricade_Incident-Hijacking-Assassination-Hostage_Taking_Kidnapping__31.69388#32.77551#69.71429#71.7551#VAR_DEL_3.mod":{"aut":[[0,[0,1]],[1,[0,2]],[2,[0,0]]],"delay":3,"gamma":0.05108657232454317,"pit":[[0,[0.9982466394498657,0.0017533605501343099]],[1,[1.0,0.0]],[2,[0.9818181816149841,0.018181818385015844]]],"src":"-4.0#-2.91837#28.89796#30.93878#Armed_Assault-Hostage_Taking_Barricade_Incident-Hijacking-Assassination-Hostage_Taking_Kidnapping_","tgt":"31.69388#32.77551#69.71429#71.7551#VAR"},"_-4.0#-2.91837#28.89796#30.93878#VAR_31.69388#32.77551#69.71429#71.7551#VAR_DEL_1.mod":{"aut":[[0,[0,1]],[1,[2,3]],[2,[2,0]],[3,[2,4]],[4,[5,6]],[5,[0,-1]],[6,[7,0]],[7,[0,-1]]],"delay":1,"gamma":0.3455484672321987,"pit":[[0,[1.0,0.0]],[1,[1.0,0.0]],[2,[0.9986586183959795,0.001341381604020564]],[3,[1.0,0.0]],[4,[0.9000000022351741,0.0999999977648259]],[5,[1.0,0.0]],[6,[1.0,0.0]],[7,[1.0,0.0]]],"src":"-4.0#-2.91837#28.89796#30.93878#VAR","tgt":"31.69388#32.77551#69.71429#71.7551#VAR"},"_-4.0#-2.91837#28.89796#30.93878#VAR_31.69388#32.77551#69.71429#71.7551#VAR_DEL_6.mod":{"aut":[[0,[1,0]],[1,[2,0]],[2,[2,0]]],"delay":6,"gamma":0.04744175486625146,"pit":[[0,[1.0,0.0]],[1,[0.9878048779124894,0.012195122087510626]],[2,[0.9980595083961463,0.0019404916038536701]]],"src":"-4.0#-2.91837#28.89796#30.93878#VAR","tgt":"31.69388#32.77551#69.71429#71.7551#VAR"},"_-4.0#-2.91837#28.89796#30.93878#VAR_31.69388#32.77551#69.71429#71.7551#VAR_DEL_7.mod":{"aut":[[0,[0,1]],[1,[2,3]],[2,[4,0]],[3,[2,0]],[4,[0,0]]],"delay":7,"gamma":0.3031631089548641,"pit":[[0,[1.0,0.0]],[1,[1.0,0.0]],[2,[0.9736842098400781,0.02631579015992191]],[3,[0.9871794874063478,0.0128205125936522]],[4,[0.9863013698630136,0.0136986301369863]]],"src":"-4.0#-2.91837#28.89796#30.93878#VAR","tgt":"31.69388#32.77551#69.71429#71.7551#VAR"},"_24.12245#25.20408#65.63265#67.67347#Armed_Assault-Hostage_Taking_Barricade_Incident-Hijacking-Assassination-Hostage_Taking_Kidnapping__31.69388#32.77551#69.71429#71.7551#VAR_DEL_6.mod":{"aut":[[0,[1,0]],[1,[1,0]]],"delay":6,"gamma":0.026609374648953188,"pit":[[0,[1.0,0.0]],[1,[0.9973351099291974,0.0026648900708026047]]],"src":"24.12245#25.20408#65.63265#67.67347#Armed_Assault-Hostage_Taking_Barricade_Incident-Hijacking-Assassination-Hostage_Taking_Kidnapping_","tgt":"31.69388#32.77551#69.71429#71.7551#VAR"},"_25.20408#26.28571#67.67347#69.71429#VAR_31.69388#32.77551#69.71429#71.7551#VAR_DEL_2.mod":{"aut":[[0,[0,1]],[1,[-1,0]]],"delay":2,"gamma":0.22036834281647566,"pit":[[0,[0.9983452840938587,0.0016547159061413219]],[1,[0.0,1.0]]],"src":"25.20408#26.28571#67.67347#69.71429#VAR","tgt":"31.69388#32.77551#69.71429#71.7551#VAR"},"_31.69388#32.77551#18.69388#20.73469#Armed_Assault-Hostage_Taking_Barricade_Incident-Hijacking-Assassination-Hostage_Taking_Kidnapping__31.69388#32.77551#69.71429#71.7551#VAR_DEL_3.mod":{"aut":[[0,[0,1]],[1,[-1,0]]],"delay":3,"gamma":0.219787760285158,"pit":[[0,[0.9983534578155495,0.0016465421844504865]],[1,[0.0,1.0]]],"src":"31.69388#32.77551#18.69388#20.73469#Armed_Assault-Hostage_Taking_Barricade_Incident-Hijacking-Assassination-Hostage_Taking_Kidnapping_","tgt":"31.69388#32.77551#69.71429#71.7551#VAR"},"_31.69388#32.77551#18.69388#20.73469#VAR_31.69388#32.77551#69.71429#71.7551#VAR_DEL_3.mod":{"aut":[[0,[0,1]],[1,[-1,0]]],"delay":3,"gamma":0.219787760285158,"pit":[[0,[0.9983534578155495,0.0016465421844504865]],[1,[0.0,1.0]]],"src":"31.69388#32.77551#18.69388#20.73469#VAR","tgt":"31.69388#32.77551#69.71429#71.7551#VAR"},"_31.69388#32.77551#35.02041#37.06122#VAR_31.69388#32.77551#69.71429#71.7551#VAR_DEL_2.mod":{"aut":[[0,[1,0]],[1,[1,0]]],"delay":2,"gamma":0.014623231355986754,"pit":[[0,[1.0,0.0]],[1,[0.9975669099190193,0.0024330900809806937]]],"src":"31.69388#32.77551#35.02041#37.06122#VAR","tgt":"31.69388#32.77551#69.71429#71.7551#VAR"},"_31.69388#32.77551#69.71429#71.7551#Armed_Assault-Hostage_Taking_Barricade_Incident-Hijacking-Assassination-Hostage_Taking_Kidnapping__31.69388#32.77551#69.71429#71.7551#VAR_DEL_1.mod":{"aut":[[0,[0,1]],[1,[-1,0]]],"delay":1,"gamma":0.45137770852056924,"pit":[[0,[0.9989035087683557,0.00109649123164433]],[1,[0.0,1.0]]],"src":"31.69388#32.77551#69.71429#71.7551#Armed_Assault-Hostage_Taking_Barricade_Incident-Hijacking-Assassination-Hostage_Taking_Kidnapping_","tgt":"31.69388#32.77551#69.71429#71.7551#VAR"},"_31.69388#32.77551#69.71429#71.7551#VAR_31.69388#32.77551#69.71429#71.7551#VAR_DEL_1.mod":{"aut":[[0,[0,1]],[1,[-1,0]]],"delay":1,"gamma":0.45137770852056924,"pit":[[0,[0.9989035087683557,0.00109649123164433]],[1,[0.0,1.0]]],"src":"31.69388#32.77551#69.71429#71.7551#VAR","tgt":"31.69388#32.77551#69.71429#71.7551#VAR"},"_32.77551#33.85714#35.02041#37.06122#VAR_31.69388#32.77551#69.71429#71.7551#VAR_DEL_9.mod":{"aut":[[0,[1,0]],[1,[2,0]],[2,[0,0]]],"delay":9,"gamma":0.012512910585350534,"pit":[[0,[0.9986468200475426,0.0013531799524573855]],[1,[0.9964093357145692,0.0035906642854307345]],[2,[0.9980842911491574,0.0019157088508426276]]],"src":"32.77551#33.85714#35.02041#37.06122#VAR","tgt":"31.69388#32.77551#69.71429#71.7551#VAR"},"_33.85714#34.93878#73.79592#75.83673#Bombing_Explosion-Facility_Infrastructure_Attack_31.69388#32.77551#69.71429#71.7551#VAR_DEL_3.mod":{"aut":[[0,[1,0]],[1,[2,0]],[2,[1,0]]],"delay":3,"gamma":0.012651576670454245,"pit":[[0,[1.0,0.0]],[1,[0.9976359338666936,0.0023640661333064537]],[2,[0.9975609756131634,0.002439024386836625]]],"src":"33.85714#34.93878#73.79592#75.83673#Bombing_Explosion-Facility_Infrastructure_Attack","tgt":"31.69388#32.77551#69.71429#71.7551#VAR"},"_36.02041#37.10204#2.36735#4.40816#VAR_31.69388#32.77551#69.71429#71.7551#VAR_DEL_6.mod":{"aut":[[0,[2,1]],[1,[0,1]],[2,[1,1]]],"delay":6,"gamma":0.03490778588464982,"pit":[[0,[0.9978213507716579,0.0021786492283421533]],[1,[0.998987854224854,0.001012145775145953]],[2,[0.994652406546601,0.005347593453399006]]],"src":"36.02041#37.10204#2.36735#4.40816#VAR","tgt":"31.69388#32.77551#69.71429#71.7551#VAR"},"_38.18367#39.26531#39.10204#41.14286#VAR_31.69388#32.77551#69.71429#71.7551#VAR_DEL_3.mod":{"aut":[[0,[1,0]],[1,[2,0]],[2,[0,-1]]],"delay":3,"gamma":0.2607363680947111,"pit":[[0,[0.9967845659762908,0.0032154340237091593]],[1,[0.9983361064891847,0.0016638935108153079]],[2,[1.0,0.0]]],"src":"38.18367#39.26531#39.10204#41.14286#VAR","tgt":"31.69388#32.77551#69.71429#71.7551#VAR"},"_38.18367#39.26531#39.10204#41.14286#VAR_31.69388#32.77551#69.71429#71.7551#VAR_DEL_6.mod":{"aut":[[0,[0,1]],[1,[-1,0]]],"delay":6,"gamma":0.14982644299130832,"pit":[[0,[0.9981549815575479,0.001845018442452119]],[1,[0.0,1.0]]],"src":"38.18367#39.26531#39.10204#41.14286#VAR","tgt":"31.69388#32.77551#69.71429#71.7551#VAR"},"_40.34694#41.42857#28.89796#30.93878#Bombing_Explosion-Facility_Infrastructure_Attack_31.69388#32.77551#69.71429#71.7551#VAR_DEL_3.mod":{"aut":[[0,[1,0]],[1,[1,0]]],"delay":3,"gamma":0.012969810581505703,"pit":[[0,[1.0,0.0]],[1,[0.997593261123042,0.0024067388769579887]]],"src":"40.34694#41.42857#28.89796#30.93878#Bombing_Explosion-Facility_Infrastructure_Attack","tgt":"31.69388#32.77551#69.71429#71.7551#VAR"},"_40.34694#41.42857#28.89796#30.93878#VAR_31.69388#32.77551#69.71429#71.7551#VAR_DEL_3.mod":{"aut":[[0,[1,0]],[1,[2,0]],[2,[0,0]]],"delay":3,"gamma":0.07100074275790835,"pit":[[0,[1.0,0.0]],[1,[0.9964601770834585,0.0035398229165414814]],[2,[0.9962121211133446,0.003787878886655424]]],"src":"40.34694#41.42857#28.89796#30.93878#VAR","tgt":"31.69388#32.77551#69.71429#71.7551#VAR"},"_41.42857#42.5102#8.4898#10.53061#Bombing_Explosion-Facility_Infrastructure_Attack_31.69388#32.77551#69.71429#71.7551#VAR_DEL_2.mod":{"aut":[[0,[1,0]],[1,[2,0]],[2,[0,0]]],"delay":2,"gamma":0.0708061879696883,"pit":[[0,[1.0,0.0]],[1,[0.9964539007521531,0.0035460992478468308]],[2,[0.9962962963256157,0.003703703674384289]]],"src":"41.42857#42.5102#8.4898#10.53061#Bombing_Explosion-Facility_Infrastructure_Attack","tgt":"31.69388#32.77551#69.71429#71.7551#VAR"},