{"_-4.0#-2.91837#28.89796#30.93878#Armed_Assault-Hostage_Taking_Barricade_Incident-Hijacking-Assassination-Hostage_Taking_Kidnapping__32.77551#33.85714#12.57143#14.61224#VAR_DEL_4.mod":{"aut":[[0,[0,1]],[1,[-1,0]]],"delay":4,"gamma":0.4449790413118502,"pit":[[0,[0.999417249402019,0.000582750597980909]],[1,[0.0,1.0]]],"src":"-4.0#-2.91837#28.89796#30.93878#Armed_Assault-Hostage_Taking_Barricade_Incident-Hijacking-Assassination-Hostage_Taking_Kidnapping_","tgt":"32.77551#33.85714#12.57143#14.61224#VAR"},"_-4.0#-2.91837#28.89796#30.93878#VAR_32.77551#33.85714#12.57143#14.61224#VAR_DEL_5.mod":{"aut":[[0,[1,0]],[1,[1,0]]],"delay":5,"gamma":0.014079965868199706,"pit":[[0,[1.0,0.0]],[1,[0.9987722529461287,0.0012277470538712826]]],"src":"-4.0#-2.91837#28.89796#30.93878#VAR","tgt":"32.77551#33.85714#12.57143#14.61224#VAR"},"_31.69388#32.77551#32.97959#35.02041#Bombing_Explosion-Facility_Infrastructure_Attack_32.77551#33.85714#12.57143#14.61224#VAR_DEL_8.mod":{"aut":[[0,[0,1]],[1,[-1,2]],[2,[0,-1]]],"delay":8,"gamma":1.0,"pit":[[0,[1.0,0.0]],[1,[0.0,1.0]],[2,[1.0,0.0]]],"src":"31.69388#32.77551#32.97959#35.02041#Bombing_Explosion-Facility_Infrastructure_Attack","tgt":"32.77551#33.85714#12.57143#14.61224#VAR"},"_31.69388#32.77551#32.97959#35.02041#Bombing_Explosion-Facility_Infrastructure_Attack_32.77551#33.85714#12.57143#14.61224#VAR_DEL_9.mod":{"aut":[[0,[0,1]],[1,[-1,0]]],"delay":9,"gamma":0.45618888419327774,"pit":[[0,[0.9994475138103538,0.0005524861896462039]],[1,[0.0,1.0]]],"src":"31.69388#32.77551#32.97959#35.02041#Bombing_Explosion-Facility_Infrastructure_Attack","tgt":"32.77551#33.85714#12.57143#14.61224#VAR"},"_31.69388#32.77551#32.97959#35.02041#VAR_32.77551#33.85714#12.57143#14.61224#VAR_DEL_8.mod":{"aut":[[0,[0,1]],[1,[-1,2]],[2,[0,-1]]],"delay":8,"gamma":1.0,"pit":[[0,[1.0,0.0]],[1,[0.0,1.0]],[2,[1.0,0.0]]],"src":"31.69388#32.77551#32.97959#35.02041#VAR","tgt":"32.77551#33.85714#12.57143#14.61224#VAR"},"_31.69388#32.77551#32.97959#35.02041#VAR_32.77551#33.85714#12.57143#14.61224#VAR_DEL_9.mod":{"aut":[[0,[0,1]],[1,[-1,0]]],"delay":9,"gamma":0.45646303620729545,"pit":[[0,[0.9994450610356943,0.0005549389643056604]],[1,[0.0,1.0]]],"src":"31.69388#32.77551#32.97959#35.02041#VAR","tgt":"32.77551#33.85714#12.57143#14.61224#VAR"},"_31.69388#32.77551#73.79592#75.83673#VAR_32.77551#33.85714#12.57143#14.61224#VAR_DEL_7.mod":{"aut":[[0,[0,1]],[1,[-1,0]]],"delay":7,"gamma":0.4570277913134273,"pit":[[0,[0.9994407158887474,0.0005592841112525755]],[1,[0.0,1.0]]],"src":"31.69388#32.77551#73.79592#75.83673#VAR","tgt":"32.77551#33.85714#12.57143#14.61224#VAR"},"_32.77551#33.85714#12.57143#14.61224#VAR_32.77551#33.85714#12.57143#14.61224#VAR_DEL_1.mod":{"aut":[[0,[0,1]],[1,[-1,0]]],"delay":1,"gamma":0.4556735646059177,"pit":[[0,[0.9994520547914587,0.0005479452085413345]],[1,[0.0,1.0]]],"src":"32.77551#33.85714#12.57143#14.61224#VAR","tgt":"32.77551#33.85714#12.57143#14.61224#VAR"},"_38.18367#39.26531#39.10204#41.14286#VAR_32.77551#33.85714#12.57143#14.61224#VAR_DEL_9.mod":{"aut":[[0,[1,0]],[1,[2,0]],[2,[0,0]]],"delay":9,"gamma":0.053790964962862065,"pit":[[0,[1.0,0.0]],[1,[0.9983305509376319,0.0016694490623680594]],[2,[0.9983050847617452,0.0016949152382548455]]],"src":"38.18367#39.26531#39.10204#41.14286#VAR","tgt":"32.77551#33.85714#12.57143#14.61224#VAR"},"_7.89796#8.97959#79.91837#81.95918#VAR_32.77551#33.85714#12.57143#14.61224#VAR_DEL_9.mod":{"aut":[[0,[1,0]],[1,[2,0]],[2,[0,0]]],"delay":9,"gamma":0.06456634689102825,"pit":[[0,[1.0,0.0]],[1,[0.9982332155051272,0.0017667844948727422]],[2,[0.9981060605531445,0.0018939394468554492]]],"src":"7.89796#8.97959#79.91837#81.95918#VAR","tgt":"32.77551#33.85714#12.57143#14.61224#VAR"}}
