{"_31.69388#32.77551#35.02041#37.06122#Bombing_Explosion-Facility_Infrastructure_Attack_32.77551#33.85714#69.71429#71.7551#VAR_DEL_9.mod":{"aut":[[0,[0,1]],[1,[-1,0]]],"delay":9,"gamma":0.20445874696540156,"pit":[[0,[0.9991386735685086,0.0008613264314913734]],[1,[0.0,1.0]]],"src":"31.69388#32.77551#35.02041#37.06122#Bombing_Explosion-Facility_Infrastructure_Attack","tgt":"32.77551#33.85714#69.71429#71.7551#VAR"},"_32.77551#33.85714#69.71429#71.7551#Armed_Assault-Hostage_Taking_Barricade_Incident-Hijacking-Assassination-Hostage_Taking_Kidnapping__32.77551#33.85714#69.71429#71.7551#VAR_DEL_1.mod":{"aut":[[0,[0,1]],[1,[-1,0]]],"delay":1,"gamma":0.4556735646059177,"pit":[[0,[0.9994520547914587,0.0005479452085413345]],[1,[0.0,1.0]]],"src":"32.77551#33.85714#69.71429#71.7551#Armed_Assault-Hostage_Taking_Barricade_Incident-Hijacking-Assassination-Hostage_Taking_Kidnapping_","tgt":"32.77551#33.85714#69.71429#71.7551#VAR"},"_32.77551#33.85714#69.71429#71.7551#VAR_32.77551#33.85714#69.71429#71.7551#VAR_DEL_1.mod":{"aut":[[0,[0,1]],[1,[-1,0]]],"delay":1,"gamma":0.4556735646059177,"pit":[[0,[0.9994520547914587,0.0005479452085413345]],[1,[0.0,1.0]]],"src":"32.77551#33.85714#69.71429#71.7551#VAR","tgt":"32.77551#33.85714#69.71429#71.7551#VAR"}}
