{"_1.40816#2.4898#43.18367#45.22449#VAR_1.40816#2.4898#43.18367#45.22449#VAR_DEL_1.mod":{"aut":[[0,[0,1]],[1,[-1,0]]],"delay":1,"gamma":0.45137770852056924,"pit":[[0,[0.9989035087683557,0.00109649123164433]],[1,[0.0,1.0]]],"src":"1.40816#2.4898#43.18367#45.22449#VAR","tgt":"1.40816#2.4898#43.18367#45.22449#VAR"},"_24.12245#25.20408#65.63265#67.67347#Armed_Assault-Hostage_Taking_Barricade_Incident-Hijacking-Assassination-Hostage_Taking_Kidnapping__1.40816#2.4898#43.18367#45.22449#VAR_DEL_2.mod":{"aut":[[0,[1,0]],[1,[1,0]]],"delay":2,"gamma":0.026989021924123002,"pit":[[0,[1.0,0.0]],[1,[0.9973421927382149,0.0026578072617851507]]],"src":"24.12245#25.20408#65.63265#67.67347#Armed_Assault-Hostage_Taking_Barricade_Incident-Hijacking-Assassination-Hostage_Taking_Kidnapping_","tgt":"1.40816#2.4898#43.18367#45.22449#VAR"},"_24.12245#25.20408#65.63265#67.67347#Bombing_Explosion-Facility_Infrastructure_Attack_1.40816#2.4898#43.18367#45.22449#VAR_DEL_3.mod":{"aut":[[0,[1,0]],[1,[2,0]],[2,[0,0]]],"delay":3,"gamma":0.06120984638695848,"pit":[[0,[1.0,0.0]],[1,[0.9966386554304886,0.0033613445695113986]],[2,[0.9965753425359216,0.003424657464078437]]],"src":"24.12245#25.20408#65.63265#67.67347#Bombing_Explosion-Facility_Infrastructure_Attack","tgt":"1.40816#2.4898#43.18367#45.22449#VAR"},"_24.12245#25.20408#65.63265#67.67347#VAR_1.40816#2.4898#43.18367#45.22449#VAR_DEL_2.mod":{"aut":[[0,[1,0]],[1,[1,0]]],"delay":2,"gamma":0.030663809438407297,"pit":[[0,[1.0,0.0]],[1,[0.9972714869995407,0.0027285130004592924]]],"src":"24.12245#25.20408#65.63265#67.67347#VAR","tgt":"1.40816#2.4898#43.18367#45.22449#VAR"},"_25.20408#26.28571#67.67347#69.71429#VAR_1.40816#2.4898#43.18367#45.22449#VAR_DEL_5.mod":{"aut":[[0,[1,0]],[1,[2,0]],[2,[0,-1]]],"delay":5,"gamma":0.47739268891668807,"pit":[[0,[0.9983713355084884,0.001628664491511578]],[1,[0.9983416251984161,0.0016583748015839219]],[2,[1.0,0.0]]],"src":"25.20408#26.28571#67.67347#69.71429#VAR","tgt":"1.40816#2.4898#43.18367#45.22449#VAR"},"_27.36735#28.44898#28.89796#30.93878#Armed_Assault-Hostage_Taking_Barricade_Incident-Hijacking-Assassination-Hostage_Taking_Kidnapping__1.40816#2.4898#43.18367#45.22449#VAR_DEL_7.mod":{"aut":[[0,[1,0]],[1,[1,0]]],"delay":7,"gamma":0.015292728308282322,"pit":[[0,[1.0,0.0]],[1,[0.9975429975395651,0.0024570024604348498]]],"src":"27.36735#28.44898#28.89796#30.93878#Armed_Assault-Hostage_Taking_Barricade_Incident-Hijacking-Assassination-Hostage_Taking_Kidnapping_","tgt":"1.40816#2.4898#43.18367#45.22449#VAR"},"_27.36735#28.44898#28.89796#30.93878#VAR_1.40816#2.4898#43.18367#45.22449#VAR_DEL_1.mod":{"aut":[[0,[1,0]],[1,[1,0]]],"delay":1,"gamma":0.016562516604621047,"pit":[[0,[1.0,0.0]],[1,[0.997535428214039,0.002464571785961019]]],"src":"27.36735#28.44898#28.89796#30.93878#VAR","tgt":"1.40816#2.4898#43.18367#45.22449#VAR"},"_27.36735#28.44898#28.89796#30.93878#VAR_1.40816#2.4898#43.18367#45.22449#VAR_DEL_7.mod":{"aut":[[0,[1,0]],[1,[1,0]]],"delay":7,"gamma":0.01622203653355414,"pit":[[0,[1.0,0.0]],[1,[0.9975262833026283,0.0024737166973716755]]],"src":"27.36735#28.44898#28.89796#30.93878#VAR","tgt":"1.40816#2.4898#43.18367#45.22449#VAR"},"_31.69388#32.77551#32.97959#35.02041#VAR_1.40816#2.4898#43.18367#45.22449#VAR_DEL_5.mod":{"aut":[[0,[0,1]],[1,[-1,0]]],"delay":5,"gamma":0.22063929028440465,"pit":[[0,[0.9983379500492416,0.0016620499507583432]],[1,[0.0,1.0]]],"src":"31.69388#32.77551#32.97959#35.02041#VAR","tgt":"1.40816#2.4898#43.18367#45.22449#VAR"},"_31.69388#32.77551#35.02041#37.06122#VAR_1.40816#2.4898#43.18367#45.22449#VAR_DEL_3.mod":{"aut":[[0,[1,0]],[1,[1,0]]],"delay":3,"gamma":0.014572798853549007,"pit":[[0,[1.0,0.0]],[1,[0.9975654290934057,0.0024345709065942416]]],"src":"31.69388#32.77551#35.02041#37.06122#VAR","tgt":"1.40816#2.4898#43.18367#45.22449#VAR"},"_32.77551#33.85714#35.02041#37.06122#Armed_Assault-Hostage_Taking_Barricade_Incident-Hijacking-Assassination-Hostage_Taking_Kidnapping__1.40816#2.4898#43.18367#45.22449#VAR_DEL_8.mod":{"aut":[[0,[0,1]],[1,[-1,0]]],"delay":8,"gamma":0.22096435194946318,"pit":[[0,[0.9983296213043596,0.001670378695640355]],[1,[0.0,1.0]]],"src":"32.77551#33.85714#35.02041#37.06122#Armed_Assault-Hostage_Taking_Barricade_Incident-Hijacking-Assassination-Hostage_Taking_Kidnapping_","tgt":"1.40816#2.4898#43.18367#45.22449#VAR"},"_32.77551#33.85714#35.02041#37.06122#VAR_1.40816#2.4898#43.18367#45.22449#VAR_DEL_5.mod":{"aut":[[0,[1,0]],[1,[1,0]]],"delay":5,"gamma":0.022273578031227315,"pit":[[0,[1.0,0.0]],[1,[0.9974440895116177,0.0025559104883823153]]],"src":"32.77551#33.85714#35.02041#37.06122#VAR","tgt":"1.40816#2.4898#43.18367#45.22449#VAR"},"_33.85714#34.93878#43.18367#45.22449#Bombing_Explosion-Facility_Infrastructure_Attack_1.40816#2.4898#43.18367#45.22449#VAR_DEL_9.mod":{"aut":[[0,[0,1]],[1,[-1,0]]],"delay":9,"gamma":0.21988532340040956,"pit":[[0,[0.9983461962766635,0.001653803723336474]],[1,[0.0,1.0]]],"src":"33.85714#34.93878#43.18367#45.22449#Bombing_Explosion-Facility_Infrastructure_Attack","tgt":"1.40816#2.4898#43.18367#45.22449#VAR"},"_33.85714#34.93878#43.18367#45.22449#VAR_1.40816#2.4898#43.18367#45.22449#VAR_DEL_9.mod":{"aut":[[0,[0,1]],[1,[-1,0]]],"delay":9,"gamma":0.2199978577006586,"pit":[[0,[0.9983443708474353,0.0016556291525646897]],[1,[0.0,1.0]]],"src":"33.85714#34.93878#43.18367#45.22449#VAR","tgt":"1.40816#2.4898#43.18367#45.22449#VAR"},"_33.85714#34.93878#73.79592#75.83673#VAR_1.40816#2.4898#43.18367#45.22449#VAR_DEL_7.mod":{"aut":[[0,[1,0]],[1,[1,0]]],"delay":7,"gamma":0.018721298320930724,"pit":[[0,[1.0,0.0]],[1,[0.9975031211024055,0.002496878897594509]]],"src":"33.85714#34.93878#73.79592#75.83673#VAR","tgt":"1.40816#2.4898#43.18367#45.22449#VAR"},"_33.85714#34.93878#73.79592#75.83673#VAR_1.40816#2.4898#43.18367#45.22449#VAR_DEL_8.mod":{"aut":[[0,[0,1]],[1,[2,0]],[2,[0,0]]],"delay":8,"gamma":0.010652308418270806,"pit":[[0,[0.9976428992477996,0.002357100752200416]],[1,[1.0,0.0]],[2,[1.0,0.0]]],"src":"33.85714#34.93878#73.79592#75.83673#VAR","tgt":"1.40816#2.4898#43.18367#45.22449#VAR"},"_36.02041#37.10204#2.36735#4.40816#VAR_1.40816#2.4898#43.18367#45.22449#VAR_DEL_3.mod":{"aut":[[0,[0,1]],[1,[0,0]]],"delay":3,"gamma":0.031604420886434004,"pit":[[0,[0.9972489682853124,0.0027510317146875484]],[1,[1.0,0.0]]],"src":"36.02041#37.10204#2.36735#4.40816#VAR","tgt":"1.40816#2.4898#43.18367#45.22449#VAR"},"_36.02041#37.10204#4.40816#6.44898#VAR_1.40816#2.4898#43.18367#45.22449#VAR_DEL_9.mod":{"aut":[[0,[0,1]],[1,[-1,0]]],"delay":9,"gamma":0.22118700532931468,"pit":[[0,[0.9983249580958731,0.0016750419041269796]],[1,[0.0,1.0]]],"src":"36.02041#37.10204#4.40816#6.44898#VAR","tgt":"1.40816#2.4898#43.18367#45.22449#VAR"},"_40.34694#41.42857#28.89796#30.93878#VAR_1.40816#2.4898#43.18367#45.22449#VAR_DEL_2.mod":{"aut":[[0,[0,1]],[1,[0,2]],[2,[0,0]]],"delay":2,"gamma":0.036485434092291325,"pit":[[0,[0.9981470042960447,0.0018529957039552089]],[1,[1.0,0.0]],[2,[0.9897959186239358,0.01020408137606419]]],"src":"40.34694#41.42857#28.89796#30.93878#VAR","tgt":"1.40816#2.4898#43.18367#45.22449#VAR"}}
