{"_-4.0#-2.91837#28.89796#30.93878#VAR_33.85714#34.93878#71.7551#73.79592#VAR_DEL_9.mod":{"aut":[[0,[1,0]],[1,[1,0]]],"delay":9,"gamma":0.01527461160752297,"pit":[[0,[1.0,0.0]],[1,[0.9975384615477748,0.0024615384522252357]]],"src":"-4.0#-2.91837#28.89796#30.93878#VAR","tgt":"33.85714#34.93878#71.7551#73.79592#VAR"},"_25.20408#26.28571#49.30612#51.34694#Bombing_Explosion-Facility_Infrastructure_Attack_33.85714#34.93878#71.7551#73.79592#VAR_DEL_5.mod":{"aut":[[0,[1,0]],[1,[2,0]],[2,[0,-1]]],"delay":5,"gamma":0.2587900641222233,"pit":[[0,[0.9967845659762908,0.0032154340237091593]],[1,[0.9983249580958731,0.0016750419041269796]],[2,[1.0,0.0]]],"src":"25.20408#26.28571#49.30612#51.34694#Bombing_Explosion-Facility_Infrastructure_Attack","tgt":"33.85714#34.93878#71.7551#73.79592#VAR"},"_27.36735#28.44898#28.89796#30.93878#Armed_Assault-Hostage_Taking_Barricade_Incident-Hijacking-Assassination-Hostage_Taking_Kidnapping__33.85714#34.93878#71.7551#73.79592#VAR_DEL_2.mod":{"aut":[[0,[1,0]],[1,[1,0]]],"delay":2,"gamma":0.01556307149115943,"pit":[[0,[1.0,0.0]],[1,[0.9975505204992774,0.0024494795007226266]]],"src":"27.36735#28.44898#28.89796#30.93878#Armed_Assault-Hostage_Taking_Barricade_Incident-Hijacking-Assassination-Hostage_Taking_Kidnapping_","tgt":"33.85714#34.93878#71.7551#73.79592#VAR"},"_27.36735#28.44898#28.89796#30.93878#VAR_33.85714#34.93878#71.7551#73.79592#VAR_DEL_2.mod":{"aut":[[0,[1,0]],[1,[1,0]]],"delay":2,"gamma":0.016509219547328313,"pit":[[0,[1.0,0.0]],[1,[0.9975339086865834,0.0024660913134166036]]],"src":"27.36735#28.44898#28.89796#30.93878#VAR","tgt":"33.85714#34.93878#71.7551#73.79592#VAR"},"_27.36735#28.44898#28.89796#30.93878#VAR_33.85714#34.93878#71.7551#73.79592#VAR_DEL_5.mod":{"aut":[[0,[0,1]],[1,[0,2]],[2,[0,0]]],"delay":5,"gamma":0.04050168994938008,"pit":[[0,[0.9981785064583512,0.0018214935416488028]],[1,[1.0,0.0]],[2,[0.9879518070493836,0.01204819295061641]]],"src":"27.36735#28.44898#28.89796#30.93878#VAR","tgt":"33.85714#34.93878#71.7551#73.79592#VAR"},"_29.53061#30.61224#65.63265#67.67347#Armed_Assault-Hostage_Taking_Barricade_Incident-Hijacking-Assassination-Hostage_Taking_Kidnapping__33.85714#34.93878#71.7551#73.79592#VAR_DEL_5.mod":{"aut":[[0,[0,1]],[1,[-1,0]]],"delay":5,"gamma":0.2198950936437004,"pit":[[0,[0.9983498349493037,0.0016501650506962494]],[1,[0.0,1.0]]],"src":"29.53061#30.61224#65.63265#67.67347#Armed_Assault-Hostage_Taking_Barricade_Incident-Hijacking-Assassination-Hostage_Taking_Kidnapping_","tgt":"33.85714#34.93878#71.7551#73.79592#VAR"},"_31.69388#32.77551#20.73469#22.77551#VAR_33.85714#34.93878#71.7551#73.79592#VAR_DEL_5.mod":{"aut":[[0,[0,1]],[1,[-1,0]]],"delay":5,"gamma":0.21972410241455254,"pit":[[0,[0.9983525535182282,0.0016474464817718276]],[1,[0.0,1.0]]],"src":"31.69388#32.77551#20.73469#22.77551#VAR","tgt":"33.85714#34.93878#71.7551#73.79592#VAR"},"_31.69388#32.77551#35.02041#37.06122#VAR_33.85714#34.93878#71.7551#73.79592#VAR_DEL_6.mod":{"aut":[[0,[1,0]],[1,[1,0]]],"delay":6,"gamma":0.014424339085414184,"pit":[[0,[1.0,0.0]],[1,[0.9975609756131634,0.002439024386836625]]],"src":"31.69388#32.77551#35.02041#37.06122#VAR","tgt":"33.85714#34.93878#71.7551#73.79592#VAR"},"_32.77551#33.85714#35.02041#37.06122#Bombing_Explosion-Facility_Infrastructure_Attack_33.85714#34.93878#71.7551#73.79592#VAR_DEL_5.mod":{"aut":[[0,[1,0]],[1,[1,0]]],"delay":5,"gamma":0.01919356988189236,"pit":[[0,[1.0,0.0]],[1,[0.9975000000617001,0.0024999999382998798]]],"src":"32.77551#33.85714#35.02041#37.06122#Bombing_Explosion-Facility_Infrastructure_Attack","tgt":"33.85714#34.93878#71.7551#73.79592#VAR"},"_32.77551#33.85714#35.02041#37.06122#VAR_33.85714#34.93878#71.7551#73.79592#VAR_DEL_5.mod":{"aut":[[0,[1,0]],[1,[1,0]]],"delay":5,"gamma":0.022273578031227315,"pit":[[0,[1.0,0.0]],[1,[0.9974440895116177,0.0025559104883823153]]],"src":"32.77551#33.85714#35.02041#37.06122#VAR","tgt":"33.85714#34.93878#71.7551#73.79592#VAR"},"_32.77551#33.85714#35.02041#37.06122#VAR_33.85714#34.93878#71.7551#73.79592#VAR_DEL_9.mod":{"aut":[[0,[0,1]],[1,[1,2]],[2,[1,3]],[3,[0,0]]],"delay":9,"gamma":0.1393324763954451,"pit":[[0,[1.0,0.0]],[1,[0.9972027971406004,0.0027972028593995137]],[2,[0.9910714284799594,0.008928571520040608]],[3,[0.9846153846153847,0.015384615384615385]]],"src":"32.77551#33.85714#35.02041#37.06122#VAR","tgt":"33.85714#34.93878#71.7551#73.79592#VAR"},"_32.77551#33.85714#43.18367#45.22449#Armed_Assault-Hostage_Taking_Barricade_Incident-Hijacking-Assassination-Hostage_Taking_Kidnapping__33.85714#34.93878#71.7551#73.79592#VAR_DEL_1.mod":{"aut":[[0,[0,1]],[1,[-1,0]]],"delay":1,"gamma":0.22002249713773558,"pit":[[0,[0.998351648291138,0.0016483517088620272]],[1,[0.0,1.0]]],"src":"32.77551#33.85714#43.18367#45.22449#Armed_Assault-Hostage_Taking_Barricade_Incident-Hijacking-Assassination-Hostage_Taking_Kidnapping_","tgt":"33.85714#34.93878#71.7551#73.79592#VAR"},"_32.77551#33.85714#73.79592#75.83673#VAR_33.85714#34.93878#71.7551#73.79592#VAR_DEL_7.mod":{"aut":[[0,[0,1]],[1,[1,0]]],"delay":7,"gamma":0.020903061699790282,"pit":[[0,[0.9975077881480674,0.00249221185193255]],[1,[1.0,0.0]]],"src":"32.77551#33.85714#73.79592#75.83673#VAR","tgt":"33.85714#34.93878#71.7551#73.79592#VAR"},"_33.85714#34.93878#43.18367#45.22449#Bombing_Explosion-Facility_Infrastructure_Attack_33.85714#34.93878#71.7551#73.79592#VAR_DEL_7.mod":{"aut":[[0,[0,1]],[1,[-1,0]]],"delay":7,"gamma":0.2198874214142187,"pit":[[0,[0.9983480176557623,0.001651982344237734]],[1,[0.0,1.0]]],"src":"33.85714#34.93878#43.18367#45.22449#Bombing_Explosion-Facility_Infrastructure_Attack","tgt":"33.85714#34.93878#71.7551#73.79592#VAR"},"_33.85714#34.93878#43.18367#45.22449#VAR_33.85714#34.93878#71.7551#73.79592#VAR_DEL_7.mod":{"aut":[[0,[0,1]],[1,[-1,0]]],"delay":7,"gamma":0.22000076995659645,"pit":[[0,[0.9983461962766635,0.001653803723336474]],[1,[0.0,1.0]]],"src":"33.85714#34.93878#43.18367#45.22449#VAR","tgt":"33.85714#34.93878#71.7551#73.79592#VAR"},"_33.85714#34.93878#71.7551#73.79592#Armed_Assault-Hostage_Taking_Barricade_Incident-Hijacking-Assassination-Hostage_Taking_Kidnapping__33.85714#34.93878#71.7551#73.79592#VAR_DEL_1.mod":{"aut":[[0,[0,1]],[1,[-1,0]]],"delay":1,"gamma":0.21973341298611915,"pit":[[0,[0.9983561644315312,0.0016438355684688646]],[1,[0.0,1.0]]],"src":"33.85714#34.93878#71.7551#73.79592#Armed_Assault-Hostage_Taking_Barricade_Incident-Hijacking-Assassination-Hostage_Taking_Kidnapping_","tgt":"33.85714#34.93878#71.7551#73.79592#VAR"},"_33.85714#34.93878#71.7551#73.79592#Bombing_Explosion-Facility_Infrastructure_Attack_33.85714#34.93878#71.7551#73.79592#VAR_DEL_1.mod":{"aut":[[0,[0,1]],[1,[-1,0]]],"delay":1,"gamma":0.21973341298611915,"pit":[[0,[0.9983561644315312,0.0016438355684688646]],[1,[0.0,1.0]]],"src":"33.85714#34.93878#71.7551#73.79592#Bombing_Explosion-Facility_Infrastructure_Attack","tgt":"33.85714#34.93878#71.7551#73.79592#VAR"},"_33.85714#34.93878#71.7551#73.79592#VAR_33.85714#34.93878#71.7551#73.79592#VAR_DEL_1.mod":{"aut":[[0,[0,1]],[1,[-1,0]]],"delay":1,"gamma":0.45137770852056924,"pit":[[0,[0.9989035087683557,0.00109649123164433]],[1,[0.0,1.0]]],"src":"33.85714#34.93878#71.7551#73.79592#VAR","tgt":"33.85714#34.93878#71.7551#73.79592#VAR"},"_36.02041#37.10204#2.36735#4.40816#Armed_Assault-Hostage_Taking_Barricade_Incident-Hijacking-Assassination-Hostage_Taking_Kidnapping__33.85714#34.93878#71.7551#73.79592#VAR_DEL_2.mod":{"aut":[[0,[1,0]],[1,[1,0]]],"delay":2,"gamma":0.028579026898297277,"pit":[[0,[1.0,0.0]],[1,[0.9973118279663776,0.0026881720336224203]]],"src":"36.02041#37.10204#2.36735#4.40816#Armed_Assault-Hostage_Taking_Barricade_Incident-Hijacking-Assassination-Hostage_Taking_Kidnapping_","tgt":"33.85714#34.93878#71.7551#73.79592#VAR"},"_36.02041#37.10204#65.63265#67.67347#VAR_33.85714#34.93878#71.7551#73.79592#VAR_DEL_1.mod":{"aut":[[0,[0,1]],[1,[-1,0]]],"delay":1,"gamma":0.21973341298611915,"pit":[[0,[0.9983561644315312,0.0016438355684688646]],[1,[0.0,1.0]]],"src":"36.02041#37.10204#65.63265#67.67347#VAR","tgt":"33.85714#34.93878#71.7551#73.79592#VAR"},