{"_-0.7551#0.32653#41.14286#43.18367#VAR_34.93878#36.02041#43.18367#45.22449#VAR_DEL_0.mod":{"aut":[[0,[0,1]],[1,[-1,0]]],"delay":0,"gamma":0.2193694779098302,"pit":[[0,[0.9983561644315312,0.0016438355684688646]],[1,[0.0,1.0]]],"src":"-0.7551#0.32653#41.14286#43.18367#VAR","tgt":"34.93878#36.02041#43.18367#45.22449#VAR"},"_-1.83673#-0.7551#28.89796#30.93878#VAR_34.93878#36.02041#43.18367#45.22449#VAR_DEL_0.mod":{"aut":[[0,[0,1]],[1,[-1,0]]],"delay":0,"gamma":1.0,"pit":[[0,[1.0,0.0]],[1,[0.0,1.0]]],"src":"-1.83673#-0.7551#28.89796#30.93878#VAR","tgt":"34.93878#36.02041#43.18367#45.22449#VAR"},"_-1.83673#-0.7551#28.89796#30.93878#VAR_34.93878#36.02041#43.18367#45.22449#VAR_DEL_9.mod":{"aut":[[0,[0,1]],[1,[-1,0]]],"delay":9,"gamma":1.0,"pit":[[0,[1.0,0.0]],[1,[0.0,1.0]]],"src":"-1.83673#-0.7551#28.89796#30.93878#VAR","tgt":"34.93878#36.02041#43.18367#45.22449#VAR"},"_-4.0#-2.91837#28.89796#30.93878#VAR_34.93878#36.02041#43.18367#45.22449#VAR_DEL_8.mod":{"aut":[[0,[0,1]],[1,[-1,2]],[2,[1,0]]],"delay":8,"gamma":1.0,"pit":[[0,[1.0,0.0]],[1,[0.0,1.0]],[2,[1.0,0.0]]],"src":"-4.0#-2.91837#28.89796#30.93878#VAR","tgt":"34.93878#36.02041#43.18367#45.22449#VAR"},"_13.30612#14.38776#45.22449#47.26531#VAR_34.93878#36.02041#43.18367#45.22449#VAR_DEL_7.mod":{"aut":[[0,[0,1]],[1,[-1,0]]],"delay":7,"gamma":0.2197176028661555,"pit":[[0,[0.9983507421522013,0.0016492578477986309]],[1,[0.0,1.0]]],"src":"13.30612#14.38776#45.22449#47.26531#VAR","tgt":"34.93878#36.02041#43.18367#45.22449#VAR"},"_25.20408#26.28571#49.30612#51.34694#VAR_34.93878#36.02041#43.18367#45.22449#VAR_DEL_4.mod":{"aut":[[0,[1,0]],[1,[2,0]],[2,[0,-1]]],"delay":4,"gamma":0.47032623262320883,"pit":[[0,[0.9983792544419559,0.0016207455580441264]],[1,[0.9983164983037592,0.0016835016962407343]],[2,[1.0,0.0]]],"src":"25.20408#26.28571#49.30612#51.34694#VAR","tgt":"34.93878#36.02041#43.18367#45.22449#VAR"},"_30.61224#31.69388#32.97959#35.02041#Armed_Assault-Hostage_Taking_Barricade_Incident-Hijacking-Assassination-Hostage_Taking_Kidnapping__34.93878#36.02041#43.18367#45.22449#VAR_DEL_7.mod":{"aut":[[0,[0,1]],[1,[-1,0]]],"delay":7,"gamma":1.0,"pit":[[0,[1.0,0.0]],[1,[0.0,1.0]]],"src":"30.61224#31.69388#32.97959#35.02041#Armed_Assault-Hostage_Taking_Barricade_Incident-Hijacking-Assassination-Hostage_Taking_Kidnapping_","tgt":"34.93878#36.02041#43.18367#45.22449#VAR"},"_33.85714#34.93878#73.79592#75.83673#Bombing_Explosion-Facility_Infrastructure_Attack_34.93878#36.02041#43.18367#45.22449#VAR_DEL_2.mod":{"aut":[[0,[1,0]],[1,[1,0]]],"delay":2,"gamma":0.012678270168014483,"pit":[[0,[1.0,0.0]],[1,[0.9976004798777611,0.00239952012223885]]],"src":"33.85714#34.93878#73.79592#75.83673#Bombing_Explosion-Facility_Infrastructure_Attack","tgt":"34.93878#36.02041#43.18367#45.22449#VAR"},"_33.85714#34.93878#73.79592#75.83673#Bombing_Explosion-Facility_Infrastructure_Attack_34.93878#36.02041#43.18367#45.22449#VAR_DEL_6.mod":{"aut":[[0,[0,1]],[1,[-1,0]]],"delay":6,"gamma":1.0,"pit":[[0,[1.0,0.0]],[1,[0.0,1.0]]],"src":"33.85714#34.93878#73.79592#75.83673#Bombing_Explosion-Facility_Infrastructure_Attack","tgt":"34.93878#36.02041#43.18367#45.22449#VAR"},"_33.85714#34.93878#73.79592#75.83673#Bombing_Explosion-Facility_Infrastructure_Attack_34.93878#36.02041#43.18367#45.22449#VAR_DEL_9.mod":{"aut":[[0,[0,1]],[1,[-1,0]]],"delay":9,"gamma":1.0,"pit":[[0,[1.0,0.0]],[1,[0.0,1.0]]],"src":"33.85714#34.93878#73.79592#75.83673#Bombing_Explosion-Facility_Infrastructure_Attack","tgt":"34.93878#36.02041#43.18367#45.22449#VAR"},"_33.85714#34.93878#73.79592#75.83673#VAR_34.93878#36.02041#43.18367#45.22449#VAR_DEL_6.mod":{"aut":[[0,[0,1]],[1,[-1,0]]],"delay":6,"gamma":1.0,"pit":[[0,[1.0,0.0]],[1,[0.0,1.0]]],"src":"33.85714#34.93878#73.79592#75.83673#VAR","tgt":"34.93878#36.02041#43.18367#45.22449#VAR"},"_34.93878#36.02041#43.18367#45.22449#Armed_Assault-Hostage_Taking_Barricade_Incident-Hijacking-Assassination-Hostage_Taking_Kidnapping__34.93878#36.02041#43.18367#45.22449#VAR_DEL_1.mod":{"aut":[[0,[0,1]],[1,[-1,0]]],"delay":1,"gamma":0.21973341298611915,"pit":[[0,[0.9983561644315312,0.0016438355684688646]],[1,[0.0,1.0]]],"src":"34.93878#36.02041#43.18367#45.22449#Armed_Assault-Hostage_Taking_Barricade_Incident-Hijacking-Assassination-Hostage_Taking_Kidnapping_","tgt":"34.93878#36.02041#43.18367#45.22449#VAR"},"_34.93878#36.02041#43.18367#45.22449#VAR_34.93878#36.02041#43.18367#45.22449#VAR_DEL_1.mod":{"aut":[[0,[0,1]],[1,[-1,0]]],"delay":1,"gamma":0.45137770852056924,"pit":[[0,[0.9989035087683557,0.00109649123164433]],[1,[0.0,1.0]]],"src":"34.93878#36.02041#43.18367#45.22449#VAR","tgt":"34.93878#36.02041#43.18367#45.22449#VAR"},"_36.02041#37.10204#2.36735#4.40816#Armed_Assault-Hostage_Taking_Barricade_Incident-Hijacking-Assassination-Hostage_Taking_Kidnapping__34.93878#36.02041#43.18367#45.22449#VAR_DEL_5.mod":{"aut":[[0,[1,0]],[1,[2,0]],[2,[0,0]]],"delay":5,"gamma":0.07893008852724148,"pit":[[0,[1.0,0.0]],[1,[0.9963031422769455,0.0036968577230545433]],[2,[0.9959595959539516,0.0040404040460484195]]],"src":"36.02041#37.10204#2.36735#4.40816#Armed_Assault-Hostage_Taking_Barricade_Incident-Hijacking-Assassination-Hostage_Taking_Kidnapping_","tgt":"34.93878#36.02041#43.18367#45.22449#VAR"},"_40.34694#41.42857#28.89796#30.93878#Bombing_Explosion-Facility_Infrastructure_Attack_34.93878#36.02041#43.18367#45.22449#VAR_DEL_5.mod":{"aut":[[0,[1,0]],[1,[1,0]]],"delay":5,"gamma":0.012879813203985013,"pit":[[0,[1.0,0.0]],[1,[0.9975903613997781,0.0024096386002219585]]],"src":"40.34694#41.42857#28.89796#30.93878#Bombing_Explosion-Facility_Infrastructure_Attack","tgt":"34.93878#36.02041#43.18367#45.22449#VAR"},"_40.34694#41.42857#28.89796#30.93878#Bombing_Explosion-Facility_Infrastructure_Attack_34.93878#36.02041#43.18367#45.22449#VAR_DEL_8.mod":{"aut":[[0,[0,1]],[1,[-1,0]]],"delay":8,"gamma":1.0,"pit":[[0,[1.0,0.0]],[1,[0.0,1.0]]],"src":"40.34694#41.42857#28.89796#30.93878#Bombing_Explosion-Facility_Infrastructure_Attack","tgt":"34.93878#36.02041#43.18367#45.22449#VAR"},"_40.34694#41.42857#28.89796#30.93878#VAR_34.93878#36.02041#43.18367#45.22449#VAR_DEL_6.mod":{"aut":[[0,[0,1]],[1,[2,0]],[2,[0,0]]],"delay":6,"gamma":0.0110827481285235,"pit":[[0,[0.9976345357334485,0.0023654642665515324]],[1,[1.0,0.0]],[2,[1.0,0.0]]],"src":"40.34694#41.42857#28.89796#30.93878#VAR","tgt":"34.93878#36.02041#43.18367#45.22449#VAR"},"_42.5102#43.59184#-3.7551#-1.71429#Bombing_Explosion-Facility_Infrastructure_Attack_34.93878#36.02041#43.18367#45.22449#VAR_DEL_0.mod":{"aut":[[0,[1,0]],[1,[1,0]]],"delay":0,"gamma":0.010748035782541243,"pit":[[0,[1.0,0.0]],[1,[0.9976275207854317,0.002372479214568315]]],"src":"42.5102#43.59184#-3.7551#-1.71429#Bombing_Explosion-Facility_Infrastructure_Attack","tgt":"34.93878#36.02041#43.18367#45.22449#VAR"},"_42.5102#43.59184#-3.7551#-1.71429#VAR_34.93878#36.02041#43.18367#45.22449#VAR_DEL_0.mod":{"aut":[[0,[1,0]],[1,[1,0]]],"delay":0,"gamma":0.014724134393230837,"pit":[[0,[1.0,0.0]],[1,[0.9975594874419433,0.002440512558056671]]],"src":"42.5102#43.59184#-3.7551#-1.71429#VAR","tgt":"34.93878#36.02041#43.18367#45.22449#VAR"},"_42.5102#43.59184#45.22449#47.26531#Armed_Assault-Hostage_Taking_Barricade_Incident-Hijacking-Assassination-Hostage_Taking_Kidnapping__34.93878#36.02041#43.18367#45.22449#VAR_DEL_0.mod":{"aut":[[0,[0,1]],[1,[-1,0]]],"delay":0,"gamma":1.0,"pit":[[0,[1.0,0.0]],[1,[0.0,1.0]]],"src":"42.5102#43.59184#45.22449#47.26531#Armed_Assault-Hostage_Taking_Barricade_Incident-Hijacking-Assassination-Hostage_Taking_Kidnapping_","tgt":"34.93878#36.02041#43.18367#45.22449#VAR"},"_6.81633#7.89796#79.91837#81.95918#VAR_34.93878#36.02041#43.18367#45.22449#VAR_DEL_1.mod":{"aut":[[0,[0,1]],[1,[-1,0]]],"delay":1,"gamma":1.0,"pit":[[0,[1.0,0.0]],[1,[0.0,1.0]]],"src":"6.81633#7.89796#79.91837#81.95918#VAR","tgt":"34.93878#36.02041#43.18367#45.22449#VAR"},"_7.89796#8.97959#79.91837#81.95918#VAR_34.93878#36.02041#43.18367#45.22449#VAR_DEL_5.mod":{"aut":[[0,[1,0]],[1,[1,0]]],"delay":5,"gamma":0.018661852219907127,