{"_-1.83673#-0.7551#28.89796#30.93878#VAR_36.02041#37.10204#41.14286#43.18367#VAR_DEL_8.mod":{"aut":[[0,[1,0]],[1,[2,-1]],[2,[3,0]],[3,[4,0]],[4,[0,-1]]],"delay":8,"gamma":0.5128966870901455,"pit":[[0,[0.995169082004127,0.0048309179958729975]],[1,[1.0,0.0]],[2,[1.0,0.0]],[3,[0.9970930232625823,0.002906976737417714]],[4,[1.0,0.0]]],"src":"-1.83673#-0.7551#28.89796#30.93878#VAR","tgt":"36.02041#37.10204#41.14286#43.18367#VAR"},"_15.46939#16.55102#47.26531#49.30612#VAR_36.02041#37.10204#41.14286#43.18367#VAR_DEL_4.mod":{"aut":[[0,[0,1]],[1,[2,2]],[2,[0,-1]]],"delay":4,"gamma":0.14427461053091184,"pit":[[0,[0.9972512369085597,0.002748763091440315]],[1,[1.0,0.0]],[2,[1.0,0.0]]],"src":"15.46939#16.55102#47.26531#49.30612#VAR","tgt":"36.02041#37.10204#41.14286#43.18367#VAR"},"_15.46939#16.55102#47.26531#49.30612#VAR_36.02041#37.10204#41.14286#43.18367#VAR_DEL_6.mod":{"aut":[[0,[0,1]],[1,[0,0]]],"delay":6,"gamma":0.10981564590800708,"pit":[[0,[0.9972512369085597,0.002748763091440315]],[1,[0.5,0.5]]],"src":"15.46939#16.55102#47.26531#49.30612#VAR","tgt":"36.02041#37.10204#41.14286#43.18367#VAR"},"_32.77551#33.85714#35.02041#37.06122#Armed_Assault-Hostage_Taking_Barricade_Incident-Hijacking-Assassination-Hostage_Taking_Kidnapping__36.02041#37.10204#41.14286#43.18367#VAR_DEL_6.mod":{"aut":[[0,[0,1]],[1,[0,2]],[2,[0,3]],[3,[0,3]]],"delay":6,"gamma":0.2959054407540195,"pit":[[0,[0.9977464788753382,0.0022535211246618083]],[1,[1.0,0.0]],[2,[1.0,0.0]],[3,[0.0,1.0]]],"src":"32.77551#33.85714#35.02041#37.06122#Armed_Assault-Hostage_Taking_Barricade_Incident-Hijacking-Assassination-Hostage_Taking_Kidnapping_","tgt":"36.02041#37.10204#41.14286#43.18367#VAR"},"_32.77551#33.85714#35.02041#37.06122#Armed_Assault-Hostage_Taking_Barricade_Incident-Hijacking-Assassination-Hostage_Taking_Kidnapping__36.02041#37.10204#41.14286#43.18367#VAR_DEL_7.mod":{"aut":[[0,[0,1]],[1,[0,2]],[2,[0,3]],[3,[0,0]]],"delay":7,"gamma":0.19477986305718376,"pit":[[0,[0.9977464788753382,0.0022535211246618083]],[1,[1.0,0.0]],[2,[0.95454545522278,0.045454544777219975]],[3,[0.0,1.0]]],"src":"32.77551#33.85714#35.02041#37.06122#Armed_Assault-Hostage_Taking_Barricade_Incident-Hijacking-Assassination-Hostage_Taking_Kidnapping_","tgt":"36.02041#37.10204#41.14286#43.18367#VAR"},"_32.77551#33.85714#35.02041#37.06122#Armed_Assault-Hostage_Taking_Barricade_Incident-Hijacking-Assassination-Hostage_Taking_Kidnapping__36.02041#37.10204#41.14286#43.18367#VAR_DEL_8.mod":{"aut":[[0,[0,1]],[1,[0,1]]],"delay":8,"gamma":0.09200633878807618,"pit":[[0,[0.9977439367832186,0.0022560632167813693]],[1,[0.9565217388064965,0.0434782611935035]]],"src":"32.77551#33.85714#35.02041#37.06122#Armed_Assault-Hostage_Taking_Barricade_Incident-Hijacking-Assassination-Hostage_Taking_Kidnapping_","tgt":"36.02041#37.10204#41.14286#43.18367#VAR"},"_32.77551#33.85714#35.02041#37.06122#Armed_Assault-Hostage_Taking_Barricade_Incident-Hijacking-Assassination-Hostage_Taking_Kidnapping__36.02041#37.10204#41.14286#43.18367#VAR_DEL_9.mod":{"aut":[[0,[0,1]],[1,[0,0]]],"delay":9,"gamma":0.0438379525193362,"pit":[[0,[0.9972144845266071,0.0027855154733928446]],[1,[0.9565217388064965,0.0434782611935035]]],"src":"32.77551#33.85714#35.02041#37.06122#Armed_Assault-Hostage_Taking_Barricade_Incident-Hijacking-Assassination-Hostage_Taking_Kidnapping_","tgt":"36.02041#37.10204#41.14286#43.18367#VAR"},"_32.77551#33.85714#35.02041#37.06122#Bombing_Explosion-Facility_Infrastructure_Attack_36.02041#37.10204#41.14286#43.18367#VAR_DEL_0.mod":{"aut":[[0,[1,0]],[1,[1,0]]],"delay":0,"gamma":0.019061507135076816,"pit":[[0,[1.0,0.0]],[1,[0.9962546816130591,0.0037453183869409204]]],"src":"32.77551#33.85714#35.02041#37.06122#Bombing_Explosion-Facility_Infrastructure_Attack","tgt":"36.02041#37.10204#41.14286#43.18367#VAR"},"_33.85714#34.93878#73.79592#75.83673#VAR_36.02041#37.10204#41.14286#43.18367#VAR_DEL_2.mod":{"aut":[[0,[1,0]],[1,[1,0]]],"delay":2,"gamma":0.01908715750486889,"pit":[[0,[1.0,0.0]],[1,[0.9962616822638801,0.003738317736119867]]],"src":"33.85714#34.93878#73.79592#75.83673#VAR","tgt":"36.02041#37.10204#41.14286#43.18367#VAR"},"_36.02041#37.10204#0.32653#2.36735#VAR_36.02041#37.10204#41.14286#43.18367#VAR_DEL_1.mod":{"aut":[[0,[0,1]],[1,[0,2]],[2,[0,3]],[3,[0,4]],[4,[0,0]]],"delay":1,"gamma":0.22432484729182978,"pit":[[0,[0.9982537835118404,0.0017462164881596916]],[1,[1.0,0.0]],[2,[0.979999999627471,0.020000000372529046]],[3,[0.8333333358168601,0.1666666641831399]],[4,[0.5,0.5]]],"src":"36.02041#37.10204#0.32653#2.36735#VAR","tgt":"36.02041#37.10204#41.14286#43.18367#VAR"},"_36.02041#37.10204#0.32653#2.36735#VAR_36.02041#37.10204#41.14286#43.18367#VAR_DEL_4.mod":{"aut":[[0,[0,1]],[1,[0,1]]],"delay":4,"gamma":0.0518244139036359,"pit":[[0,[0.997666277740392,0.0023337222596080576]],[1,[0.9816513756341343,0.018348624365865672]]],"src":"36.02041#37.10204#0.32653#2.36735#VAR","tgt":"36.02041#37.10204#41.14286#43.18367#VAR"},"_36.02041#37.10204#2.36735#4.40816#Bombing_Explosion-Facility_Infrastructure_Attack_36.02041#37.10204#41.14286#43.18367#VAR_DEL_7.mod":{"aut":[[0,[1,0]],[1,[1,0]]],"delay":7,"gamma":0.037999993473113225,"pit":[[0,[1.0,0.0]],[1,[0.9957203997429274,0.004279600257072586]]],"src":"36.02041#37.10204#2.36735#4.40816#Bombing_Explosion-Facility_Infrastructure_Attack","tgt":"36.02041#37.10204#41.14286#43.18367#VAR"},"_36.02041#37.10204#41.14286#43.18367#Armed_Assault-Hostage_Taking_Barricade_Incident-Hijacking-Assassination-Hostage_Taking_Kidnapping__36.02041#37.10204#41.14286#43.18367#VAR_DEL_1.mod":{"aut":[[0,[0,1]],[1,[0,0]]],"delay":1,"gamma":0.14407775573308268,"pit":[[0,[0.9972602738960556,0.0027397261039443215]],[1,[0.0,1.0]]],"src":"36.02041#37.10204#41.14286#43.18367#Armed_Assault-Hostage_Taking_Barricade_Incident-Hijacking-Assassination-Hostage_Taking_Kidnapping_","tgt":"36.02041#37.10204#41.14286#43.18367#VAR"},"_36.02041#37.10204#41.14286#43.18367#Bombing_Explosion-Facility_Infrastructure_Attack_36.02041#37.10204#41.14286#43.18367#VAR_DEL_2.mod":{"aut":[[0,[0,1]],[1,[0,2]],[2,[0,0]]],"delay":2,"gamma":0.25880836549910113,"pit":[[0,[0.9978046103605017,0.002195389639498293]],[1,[0.5,0.5]],[2,[0.0,1.0]]],"src":"36.02041#37.10204#41.14286#43.18367#Bombing_Explosion-Facility_Infrastructure_Attack","tgt":"36.02041#37.10204#41.14286#43.18367#VAR"},"_36.02041#37.10204#41.14286#43.18367#Bombing_Explosion-Facility_Infrastructure_Attack_36.02041#37.10204#41.14286#43.18367#VAR_DEL_3.mod":{"aut":[[0,[0,1]],[1,[0,0]]],"delay":3,"gamma":0.10977425112128114,"pit":[[0,[0.9972557629141435,0.0027442370858564817]],[1,[0.5,0.5]]],"src":"36.02041#37.10204#41.14286#43.18367#Bombing_Explosion-Facility_Infrastructure_Attack","tgt":"36.02041#37.10204#41.14286#43.18367#VAR"},"_36.02041#37.10204#41.14286#43.18367#VAR_36.02041#37.10204#41.14286#43.18367#VAR_DEL_1.mod":{"aut":[[0,[0,1]],[1,[-1,2]],[2,[0,1]]],"delay":1,"gamma":0.5649735588452209,"pit":[[0,[0.9989010988830609,0.0010989011169390767]],[1,[0.0,1.0]],[2,[0.6666666666666666,0.3333333333333333]]],"src":"36.02041#37.10204#41.14286#43.18367#VAR","tgt":"36.02041#37.10204#41.14286#43.18367#VAR"},"_36.02041#37.10204#41.14286#43.18367#VAR_36.02041#37.10204#41.14286#43.18367#VAR_DEL_2.mod":{"aut":[[0,[0,1]],[1,[0,2]],[2,[0,0]]],"delay":2,"gamma":0.20385495291670186,"pit":[[0,[0.9978021978318773,0.002197802168122689]],[1,[0.6666666666666666,0.3333333333333333]],[2,[0.5,0.5]]],"src":"36.02041#37.10204#41.14286#43.18367#VAR","tgt":"36.02041#37.10204#41.14286#43.18367#VAR"},"_36.02041#37.10204#41.14286#43.18367#VAR_36.02041#37.10204#41.14286#43.18367#VAR_DEL_3.mod":{"aut":[[0,[0,1]],[1,[0,0]]],"delay":3,"gamma":0.09686986191115943,"pit":[[0,[0.9972542559166471,0.00274574408335289]],[1,[0.6666666666666666,0.3333333333333333]]],"src":"36.02041#37.10204#41.14286#43.18367#VAR","tgt":"36.02041#37.10204#41.14286#43.18367#VAR"},"_36.02041#37.10204#43.18367#45.22449#Bombing_Explosion-Facility_Infrastructure_Attack_36.02041#37.10204#41.14286#43.18367#VAR_DEL_4.mod":{"aut":[[0,[0,1]],[1,[0,0]]],"delay":4,