{"_1.40816#2.4898#45.22449#47.26531#Bombing_Explosion-Facility_Infrastructure_Attack_1.40816#2.4898#45.22449#47.26531#Bombing_Explosion-Facility_Infrastructure_Attack_DEL_1.mod":{"aut":[[0,[0,1]],[1,[-1,0]]],"delay":1,"gamma":0.4556735646059177,"pit":[[0,[0.9994520547914587,0.0005479452085413345]],[1,[0.0,1.0]]],"src":"1.40816#2.4898#45.22449#47.26531#Bombing_Explosion-Facility_Infrastructure_Attack","tgt":"1.40816#2.4898#45.22449#47.26531#Bombing_Explosion-Facility_Infrastructure_Attack"},"_1.40816#2.4898#45.22449#47.26531#VAR_1.40816#2.4898#45.22449#47.26531#Bombing_Explosion-Facility_Infrastructure_Attack_DEL_1.mod":{"aut":[[0,[0,1]],[1,[-1,0]]],"delay":1,"gamma":0.4565206335004498,"pit":[[0,[0.9994447529150472,0.000555247084952804]],[1,[0.0,1.0]]],"src":"1.40816#2.4898#45.22449#47.26531#VAR","tgt":"1.40816#2.4898#45.22449#47.26531#Bombing_Explosion-Facility_Infrastructure_Attack"},"_25.20408#26.28571#49.30612#51.34694#Bombing_Explosion-Facility_Infrastructure_Attack_1.40816#2.4898#45.22449#47.26531#Bombing_Explosion-Facility_Infrastructure_Attack_DEL_1.mod":{"aut":[[0,[0,1]],[1,[-1,0]]],"delay":1,"gamma":0.4524622387802374,"pit":[[0,[0.9994404029145302,0.0005595970854697887]],[1,[0.0,1.0]]],"src":"25.20408#26.28571#49.30612#51.34694#Bombing_Explosion-Facility_Infrastructure_Attack","tgt":"1.40816#2.4898#45.22449#47.26531#Bombing_Explosion-Facility_Infrastructure_Attack"},"_25.20408#26.28571#49.30612#51.34694#VAR_1.40816#2.4898#45.22449#47.26531#Bombing_Explosion-Facility_Infrastructure_Attack_DEL_1.mod":{"aut":[[0,[0,1]],[1,[-1,0]]],"delay":1,"gamma":0.45263024638965477,"pit":[[0,[0.9994388327743873,0.0005611672256127269]],[1,[0.0,1.0]]],"src":"25.20408#26.28571#49.30612#51.34694#VAR","tgt":"1.40816#2.4898#45.22449#47.26531#Bombing_Explosion-Facility_Infrastructure_Attack"},"_27.36735#28.44898#65.63265#67.67347#VAR_1.40816#2.4898#45.22449#47.26531#Bombing_Explosion-Facility_Infrastructure_Attack_DEL_8.mod":{"aut":[[0,[0,1]],[1,[-1,0]]],"delay":8,"gamma":0.45568960860556795,"pit":[[0,[0.9994496422741371,0.0005503577258628546]],[1,[0.0,1.0]]],"src":"27.36735#28.44898#65.63265#67.67347#VAR","tgt":"1.40816#2.4898#45.22449#47.26531#Bombing_Explosion-Facility_Infrastructure_Attack"},"_29.53061#30.61224#30.93878#32.97959#VAR_1.40816#2.4898#45.22449#47.26531#Bombing_Explosion-Facility_Infrastructure_Attack_DEL_0.mod":{"aut":[[0,[0,1]],[1,[-1,0]]],"delay":0,"gamma":0.4557341229037546,"pit":[[0,[0.9994493392149976,0.0005506607850024779]],[1,[0.0,1.0]]],"src":"29.53061#30.61224#30.93878#32.97959#VAR","tgt":"1.40816#2.4898#45.22449#47.26531#Bombing_Explosion-Facility_Infrastructure_Attack"},"_30.61224#31.69388#35.02041#37.06122#VAR_1.40816#2.4898#45.22449#47.26531#Bombing_Explosion-Facility_Infrastructure_Attack_DEL_8.mod":{"aut":[[0,[1,0]],[1,[2,0]],[2,[0,0]]],"delay":8,"gamma":0.055280352013885925,"pit":[[0,[1.0,0.0]],[1,[0.9983193277150486,0.0016806722849513553]],[2,[0.9982847341266021,0.0017152658733978585]]],"src":"30.61224#31.69388#35.02041#37.06122#VAR","tgt":"1.40816#2.4898#45.22449#47.26531#Bombing_Explosion-Facility_Infrastructure_Attack"},"_30.61224#31.69388#73.79592#75.83673#VAR_1.40816#2.4898#45.22449#47.26531#Bombing_Explosion-Facility_Infrastructure_Attack_DEL_4.mod":{"aut":[[0,[0,1]],[1,[-1,0]]],"delay":4,"gamma":0.4573830160002751,"pit":[[0,[0.9994359842009918,0.0005640157990081962]],[1,[0.0,1.0]]],"src":"30.61224#31.69388#73.79592#75.83673#VAR","tgt":"1.40816#2.4898#45.22449#47.26531#Bombing_Explosion-Facility_Infrastructure_Attack"},"_31.69388#32.77551#73.79592#75.83673#VAR_1.40816#2.4898#45.22449#47.26531#Bombing_Explosion-Facility_Infrastructure_Attack_DEL_3.mod":{"aut":[[0,[0,1]],[1,[-1,0]]],"delay":3,"gamma":0.4567929599981977,"pit":[[0,[0.9994416527171494,0.0005583472828506081]],[1,[0.0,1.0]]],"src":"31.69388#32.77551#73.79592#75.83673#VAR","tgt":"1.40816#2.4898#45.22449#47.26531#Bombing_Explosion-Facility_Infrastructure_Attack"},"_32.77551#33.85714#73.79592#75.83673#Armed_Assault-Hostage_Taking_Barricade_Incident-Hijacking-Assassination-Hostage_Taking_Kidnapping__1.40816#2.4898#45.22449#47.26531#Bombing_Explosion-Facility_Infrastructure_Attack_DEL_9.mod":{"aut":[[0,[0,1]],[1,[-1,0]]],"delay":9,"gamma":0.4563680902619395,"pit":[[0,[0.9994432071251662,0.0005567928748337535]],[1,[0.0,1.0]]],"src":"32.77551#33.85714#73.79592#75.83673#Armed_Assault-Hostage_Taking_Barricade_Incident-Hijacking-Assassination-Hostage_Taking_Kidnapping_","tgt":"1.40816#2.4898#45.22449#47.26531#Bombing_Explosion-Facility_Infrastructure_Attack"},"_32.77551#33.85714#73.79592#75.83673#Bombing_Explosion-Facility_Infrastructure_Attack_1.40816#2.4898#45.22449#47.26531#Bombing_Explosion-Facility_Infrastructure_Attack_DEL_3.mod":{"aut":[[0,[0,1]],[1,[-1,0]]],"delay":3,"gamma":0.41967406068638935,"pit":[[0,[0.9994008388112753,0.000599161188724719]],[1,[0.0,1.0]]],"src":"32.77551#33.85714#73.79592#75.83673#Bombing_Explosion-Facility_Infrastructure_Attack","tgt":"1.40816#2.4898#45.22449#47.26531#Bombing_Explosion-Facility_Infrastructure_Attack"}}
