{"_-2.91837#-1.83673#28.89796#30.93878#VAR_27.36735#28.44898#67.67347#69.71429#Bombing_Explosion-Facility_Infrastructure_Attack_DEL_1.mod":{"aut":[[0,[1,0]],[1,[1,0]]],"delay":1,"gamma":0.010323288475244774,"pit":[[0,[1.0,0.0]],[1,[0.9953188998145125,0.004681100185487515]]],"src":"-2.91837#-1.83673#28.89796#30.93878#VAR","tgt":"27.36735#28.44898#67.67347#69.71429#Bombing_Explosion-Facility_Infrastructure_Attack"},"_24.12245#25.20408#65.63265#67.67347#Bombing_Explosion-Facility_Infrastructure_Attack_27.36735#28.44898#67.67347#69.71429#Bombing_Explosion-Facility_Infrastructure_Attack_DEL_5.mod":{"aut":[[0,[1,0]],[1,[2,0]],[2,[0,0]]],"delay":5,"gamma":0.016759769421071713,"pit":[[0,[0.9937984495430954,0.006201550456904627]],[1,[0.9949494947778117,0.0050505052221882585]],[2,[0.9982847341266021,0.0017152658733978585]]],"src":"24.12245#25.20408#65.63265#67.67347#Bombing_Explosion-Facility_Infrastructure_Attack","tgt":"27.36735#28.44898#67.67347#69.71429#Bombing_Explosion-Facility_Infrastructure_Attack"},"_25.20408#26.28571#67.67347#69.71429#VAR_27.36735#28.44898#67.67347#69.71429#Bombing_Explosion-Facility_Infrastructure_Attack_DEL_1.mod":{"aut":[[0,[0,1]],[1,[0,0]]],"delay":1,"gamma":0.0407526897534809,"pit":[[0,[0.9961411245598518,0.003858875440148166]],[1,[0.916666666045785,0.08333333395421504]]],"src":"25.20408#26.28571#67.67347#69.71429#VAR","tgt":"27.36735#28.44898#67.67347#69.71429#Bombing_Explosion-Facility_Infrastructure_Attack"},"_27.36735#28.44898#67.67347#69.71429#Bombing_Explosion-Facility_Infrastructure_Attack_27.36735#28.44898#67.67347#69.71429#Bombing_Explosion-Facility_Infrastructure_Attack_DEL_1.mod":{"aut":[[0,[0,1]],[1,[0,0]]],"delay":1,"gamma":0.44617044409956585,"pit":[[0,[0.9978046103605017,0.002195389639498293]],[1,[0.0,1.0]]],"src":"27.36735#28.44898#67.67347#69.71429#Bombing_Explosion-Facility_Infrastructure_Attack","tgt":"27.36735#28.44898#67.67347#69.71429#Bombing_Explosion-Facility_Infrastructure_Attack"},"_27.36735#28.44898#67.67347#69.71429#VAR_27.36735#28.44898#67.67347#69.71429#Bombing_Explosion-Facility_Infrastructure_Attack_DEL_1.mod":{"aut":[[0,[0,1]],[1,[0,0]]],"delay":1,"gamma":0.3261599052420404,"pit":[[0,[0.9977985690194082,0.0022014309805917856]],[1,[0.5555555654896627,0.44444443451033727]]],"src":"27.36735#28.44898#67.67347#69.71429#VAR","tgt":"27.36735#28.44898#67.67347#69.71429#Bombing_Explosion-Facility_Infrastructure_Attack"},"_29.53061#30.61224#65.63265#67.67347#Bombing_Explosion-Facility_Infrastructure_Attack_27.36735#28.44898#67.67347#69.71429#Bombing_Explosion-Facility_Infrastructure_Attack_DEL_1.mod":{"aut":[[0,[0,1]],[1,[0,0]]],"delay":1,"gamma":0.07997768395900151,"pit":[[0,[0.9961622807294541,0.0038377192705459163]],[1,[0.5,0.5]]],"src":"29.53061#30.61224#65.63265#67.67347#Bombing_Explosion-Facility_Infrastructure_Attack","tgt":"27.36735#28.44898#67.67347#69.71429#Bombing_Explosion-Facility_Infrastructure_Attack"},"_29.53061#30.61224#65.63265#67.67347#VAR_27.36735#28.44898#67.67347#69.71429#Bombing_Explosion-Facility_Infrastructure_Attack_DEL_0.mod":{"aut":[[0,[0,1]],[1,[0,1]]],"delay":0,"gamma":0.1082646778822699,"pit":[[0,[0.9966905680940971,0.003309431905902911]],[1,[0.8461538427151167,0.1538461572848833]]],"src":"29.53061#30.61224#65.63265#67.67347#VAR","tgt":"27.36735#28.44898#67.67347#69.71429#Bombing_Explosion-Facility_Infrastructure_Attack"},"_30.61224#31.69388#73.79592#75.83673#VAR_27.36735#28.44898#67.67347#69.71429#Bombing_Explosion-Facility_Infrastructure_Attack_DEL_0.mod":{"aut":[[0,[0,1]],[1,[0,1]]],"delay":0,"gamma":0.031864173642327964,"pit":[[0,[0.9965237543809197,0.0034762456190803644]],[1,[0.979999999627471,0.020000000372529046]]],"src":"30.61224#31.69388#73.79592#75.83673#VAR","tgt":"27.36735#28.44898#67.67347#69.71429#Bombing_Explosion-Facility_Infrastructure_Attack"},"_31.69388#32.77551#35.02041#37.06122#Bombing_Explosion-Facility_Infrastructure_Attack_27.36735#28.44898#67.67347#69.71429#Bombing_Explosion-Facility_Infrastructure_Attack_DEL_8.mod":{"aut":[[0,[0,1]],[1,[0,0]]],"delay":8,"gamma":0.02586322350440806,"pit":[[0,[0.9960937502328306,0.0039062497671693702]],[1,[0.9629629635148578,0.03703703648514219]]],"src":"31.69388#32.77551#35.02041#37.06122#Bombing_Explosion-Facility_Infrastructure_Attack","tgt":"27.36735#28.44898#67.67347#69.71429#Bombing_Explosion-Facility_Infrastructure_Attack"},"_31.69388#32.77551#35.02041#37.06122#VAR_27.36735#28.44898#67.67347#69.71429#Bombing_Explosion-Facility_Infrastructure_Attack_DEL_5.mod":{"aut":[[0,[1,0]],[1,[1,0]]],"delay":5,"gamma":0.01608201728835368,"pit":[[0,[1.0,0.0]],[1,[0.9951249237650737,0.004875076234926366]]],"src":"31.69388#32.77551#35.02041#37.06122#VAR","tgt":"27.36735#28.44898#67.67347#69.71429#Bombing_Explosion-Facility_Infrastructure_Attack"},"_31.69388#32.77551#73.79592#75.83673#VAR_27.36735#28.44898#67.67347#69.71429#Bombing_Explosion-Facility_Infrastructure_Attack_DEL_9.mod":{"aut":[[0,[0,1]],[1,[2,2]],[2,[0,-1]]],"delay":9,"gamma":0.11439445201550291,"pit":[[0,[0.9960136675681062,0.003986332431893826]],[1,[1.0,0.0]],[2,[1.0,0.0]]],"src":"31.69388#32.77551#73.79592#75.83673#VAR","tgt":"27.36735#28.44898#67.67347#69.71429#Bombing_Explosion-Facility_Infrastructure_Attack"},"_32.77551#33.85714#35.02041#37.06122#Armed_Assault-Hostage_Taking_Barricade_Incident-Hijacking-Assassination-Hostage_Taking_Kidnapping__27.36735#28.44898#67.67347#69.71429#Bombing_Explosion-Facility_Infrastructure_Attack_DEL_9.mod":{"aut":[[0,[0,1]],[1,[2,2]],[2,[0,-1]]],"delay":9,"gamma":0.11101957796981987,"pit":[[0,[0.9960541149951505,0.0039458850048495015]],[1,[1.0,0.0]],[2,[1.0,0.0]]],"src":"32.77551#33.85714#35.02041#37.06122#Armed_Assault-Hostage_Taking_Barricade_Incident-Hijacking-Assassination-Hostage_Taking_Kidnapping_","tgt":"27.36735#28.44898#67.67347#69.71429#Bombing_Explosion-Facility_Infrastructure_Attack"},"_32.77551#33.85714#73.79592#75.83673#Bombing_Explosion-Facility_Infrastructure_Attack_27.36735#28.44898#67.67347#69.71429#Bombing_Explosion-Facility_Infrastructure_Attack_DEL_2.mod":{"aut":[[0,[0,1]],[1,[2,2]],[2,[0,0]]],"delay":2,"gamma":0.028954494579510937,"pit":[[0,[0.9960563379987865,0.003943662001213556]],[1,[1.0,0.0]],[2,[0.96,0.04]]],"src":"32.77551#33.85714#73.79592#75.83673#Bombing_Explosion-Facility_Infrastructure_Attack","tgt":"27.36735#28.44898#67.67347#69.71429#Bombing_Explosion-Facility_Infrastructure_Attack"},"_32.77551#33.85714#73.79592#75.83673#Bombing_Explosion-Facility_Infrastructure_Attack_27.36735#28.44898#67.67347#69.71429#Bombing_Explosion-Facility_Infrastructure_Attack_DEL_4.mod":{"aut":[[0,[0,1]],[1,[0,0]]],"delay":4,"gamma":0.026411645629262792,"pit":[[0,[0.9961046186868158,0.0038953813131842622]],[1,[0.9615384613951812,0.03846153860481885]]],"src":"32.77551#33.85714#73.79592#75.83673#Bombing_Explosion-Facility_Infrastructure_Attack","tgt":"27.36735#28.44898#67.67347#69.71429#Bombing_Explosion-Facility_Infrastructure_Attack"},"_36.02041#37.10204#2.36735#4.40816#Bombing_Explosion-Facility_Infrastructure_Attack_27.36735#28.44898#67.67347#69.71429#Bombing_Explosion-Facility_Infrastructure_Attack_DEL_0.mod":{"aut":[[0,[0,1]],[1,[0,0]]],"delay":0,"gamma":0.019273131337953053,"pit":[[0,[0.9950279676869993,0.004972032313000681]],[1,[1.0,0.0]]],"src":"36.02041#37.10204#2.36735#4.40816#Bombing_Explosion-Facility_Infrastructure_Attack","tgt":"27.36735#28.44898#67.67347#69.71429#Bombing_Explosion-Facility_Infrastructure_Attack"},"_36.02041#37.10204#2.36735#4.40816#Bombing_Explosion-Facility_Infrastructure_Attack_27.36735#28.44898#67.67347#69.71429#Bombing_Explosion-Facility_Infrastructure_Attack_DEL_8.mod":{"aut":[[0,[0,1]],[1,[-1,0]]],"delay":8,"gamma":1.0,"pit":[[0,[1.0,0.0]],[1,[0.0,1.0]]],"src":"36.02041#37.10204#2.36735#4.40816#Bombing_Explosion-Facility_Infrastructure_Attack","tgt":"27.36735#28.44898#67.67347#69.71429#Bombing_Explosion-Facility_Infrastructure_Attack"},