{"Q_105/model_10#12#10#12#_42#44#-4#-2#_DEL_169.mod":{"aut":[[0,[1,0]],[1,[2,0]],[2,[1,0]]],"delay":169,"gamma":0.0221906,"pit":[[0,[1.0,0.0]],[1,[0.995595,0.00440529]],[2,[0.995289,0.00471143]]],"src":"10#12#10#12#","tgt":"42#44#-4#-2#"},"Q_105/model_14#16#48#50#_42#44#-4#-2#_DEL_54.mod":{"aut":[[0,[0,1]],[1,[0,2]],[2,[0,3]],[3,[0,0]]],"delay":54,"gamma":0.118911,"pit":[[0,[0.997818,0.00218221]],[1,[1.0,0.0]],[2,[0.985075,0.0149254]],[3,[0.942857,0.0571429]]],"src":"14#16#48#50#","tgt":"42#44#-4#-2#"},"Q_105/model_18#20#0#2#_42#44#-4#-2#_DEL_38.mod":{"aut":[[0,[0,1]],[1,[0,0]]],"delay":38,"gamma":0.0495196,"pit":[[0,[0.997141,0.0028585]],[1,[0.963636,0.0363636]]],"src":"18#20#0#2#","tgt":"42#44#-4#-2#"},"Q_105/model_2#4#40#42#_42#44#-4#-2#_DEL_19.mod":{"aut":[[0,[1,0]],[1,[1,0]]],"delay":19,"gamma":0.0179181,"pit":[[0,[1.0,0.0]],[1,[0.995956,0.00404449]]],"src":"2#4#40#42#","tgt":"42#44#-4#-2#"},"Q_105/model_26#28#50#52#_42#44#-4#-2#_DEL_155.mod":{"aut":[[0,[1,0]],[1,[1,0]]],"delay":155,"gamma":0.0157873,"pit":[[0,[1.0,0.0]],[1,[0.995619,0.00438116]]],"src":"26#28#50#52#","tgt":"42#44#-4#-2#"},"Q_105/model_30#32#16#18#_42#44#-4#-2#_DEL_159.mod":{"aut":[[0,[1,0]],[1,[1,0]]],"delay":159,"gamma":0.0285157,"pit":[[0,[1.0,0.0]],[1,[0.995833,0.00416667]]],"src":"30#32#16#18#","tgt":"42#44#-4#-2#"},"Q_105/model_32#34#12#14#_42#44#-4#-2#_DEL_57.mod":{"aut":[[0,[0,1]],[1,[0,1]]],"delay":57,"gamma":0.0394178,"pit":[[0,[0.997738,0.00226244]],[1,[0.989101,0.0108992]]],"src":"32#34#12#14#","tgt":"42#44#-4#-2#"},"Q_105/model_34#36#68#70#_42#44#-4#-2#_DEL_170.mod":{"aut":[[0,[1,0]],[1,[2,3]],[2,[3,4]],[3,[0,0]],[4,[0,2]]],"delay":170,"gamma":0.0320133,"pit":[[0,[0.996287,0.00371287]],[1,[0.991597,0.00840336]],[2,[0.997368,0.00263158]],[3,[0.99705,0.00294985]],[4,[1.0,0.0]]],"src":"34#36#68#70#","tgt":"42#44#-4#-2#"},"Q_105/model_36#38#42#44#_42#44#-4#-2#_DEL_60.mod":{"aut":[[0,[0,1]],[1,[0,0]]],"delay":60,"gamma":0.0151445,"pit":[[0,[0.995292,0.00470746]],[1,[0.99845,0.00155039]]],"src":"36#38#42#44#","tgt":"42#44#-4#-2#"},"Q_105/model_36#38#66#68#_42#44#-4#-2#_DEL_147.mod":{"aut":[[0,[1,0]],[1,[1,0]]],"delay":147,"gamma":0.0171682,"pit":[[0,[1.0,0.0]],[1,[0.995662,0.00433839]]],"src":"36#38#66#68#","tgt":"42#44#-4#-2#"},"Q_105/model_4#6#6#8#_42#44#-4#-2#_DEL_64.mod":{"aut":[[0,[1,0]],[1,[2,0]],[2,[1,0]]],"delay":64,"gamma":0.0132117,"pit":[[0,[1.0,0.0]],[1,[0.996,0.004]],[2,[0.995816,0.0041841]]],"src":"4#6#6#8#","tgt":"42#44#-4#-2#"},"Q_105/model_46#48#36#38#_42#44#-4#-2#_DEL_36.mod":{"aut":[[0,[1,0]],[1,[1,0]]],"delay":36,"gamma":0.0152879,"pit":[[0,[1.0,0.0]],[1,[0.995876,0.00412371]]],"src":"46#48#36#38#","tgt":"42#44#-4#-2#"}}
