{"_24.12245#25.20408#65.63265#67.67347#Bombing_Explosion-Facility_Infrastructure_Attack_33.85714#34.93878#71.7551#73.79592#Bombing_Explosion-Facility_Infrastructure_Attack_DEL_8.mod":{"aut":[[0,[0,1]],[1,[-1,0]]],"delay":8,"gamma":0.17257129552379435,"pit":[[0,[0.9990950226202202,0.0009049773797797402]],[1,[0.0,1.0]]],"src":"24.12245#25.20408#65.63265#67.67347#Bombing_Explosion-Facility_Infrastructure_Attack","tgt":"33.85714#34.93878#71.7551#73.79592#Bombing_Explosion-Facility_Infrastructure_Attack"},"_32.77551#33.85714#43.18367#45.22449#Armed_Assault-Hostage_Taking_Barricade_Incident-Hijacking-Assassination-Hostage_Taking_Kidnapping__33.85714#34.93878#71.7551#73.79592#Bombing_Explosion-Facility_Infrastructure_Attack_DEL_1.mod":{"aut":[[0,[0,1]],[1,[-1,0]]],"delay":1,"gamma":0.45584913038302366,"pit":[[0,[0.9994505494660608,0.0005494505339391684]],[1,[0.0,1.0]]],"src":"32.77551#33.85714#43.18367#45.22449#Armed_Assault-Hostage_Taking_Barricade_Incident-Hijacking-Assassination-Hostage_Taking_Kidnapping_","tgt":"33.85714#34.93878#71.7551#73.79592#Bombing_Explosion-Facility_Infrastructure_Attack"},"_32.77551#33.85714#43.18367#45.22449#VAR_33.85714#34.93878#71.7551#73.79592#Bombing_Explosion-Facility_Infrastructure_Attack_DEL_1.mod":{"aut":[[0,[0,1]],[1,[-1,0]]],"delay":1,"gamma":0.4563786738002017,"pit":[[0,[0.9994459833785985,0.0005540166214015593]],[1,[0.0,1.0]]],"src":"32.77551#33.85714#43.18367#45.22449#VAR","tgt":"33.85714#34.93878#71.7551#73.79592#Bombing_Explosion-Facility_Infrastructure_Attack"},"_33.85714#34.93878#43.18367#45.22449#Bombing_Explosion-Facility_Infrastructure_Attack_33.85714#34.93878#71.7551#73.79592#Bombing_Explosion-Facility_Infrastructure_Attack_DEL_7.mod":{"aut":[[0,[0,1]],[1,[-1,0]]],"delay":7,"gamma":0.455758273002848,"pit":[[0,[0.9994493392149976,0.0005506607850024779]],[1,[0.0,1.0]]],"src":"33.85714#34.93878#43.18367#45.22449#Bombing_Explosion-Facility_Infrastructure_Attack","tgt":"33.85714#34.93878#71.7551#73.79592#Bombing_Explosion-Facility_Infrastructure_Attack"},"_33.85714#34.93878#43.18367#45.22449#VAR_33.85714#34.93878#71.7551#73.79592#Bombing_Explosion-Facility_Infrastructure_Attack_DEL_7.mod":{"aut":[[0,[0,1]],[1,[-1,0]]],"delay":7,"gamma":0.45582683565217974,"pit":[[0,[0.9994487320898574,0.000551267910142642]],[1,[0.0,1.0]]],"src":"33.85714#34.93878#43.18367#45.22449#VAR","tgt":"33.85714#34.93878#71.7551#73.79592#Bombing_Explosion-Facility_Infrastructure_Attack"},"_33.85714#34.93878#71.7551#73.79592#Bombing_Explosion-Facility_Infrastructure_Attack_33.85714#34.93878#71.7551#73.79592#Bombing_Explosion-Facility_Infrastructure_Attack_DEL_1.mod":{"aut":[[0,[0,1]],[1,[-1,0]]],"delay":1,"gamma":0.4556735646059177,"pit":[[0,[0.9994520547914587,0.0005479452085413345]],[1,[0.0,1.0]]],"src":"33.85714#34.93878#71.7551#73.79592#Bombing_Explosion-Facility_Infrastructure_Attack","tgt":"33.85714#34.93878#71.7551#73.79592#Bombing_Explosion-Facility_Infrastructure_Attack"},"_33.85714#34.93878#71.7551#73.79592#VAR_33.85714#34.93878#71.7551#73.79592#Bombing_Explosion-Facility_Infrastructure_Attack_DEL_1.mod":{"aut":[[0,[0,1]],[1,[-1,0]]],"delay":1,"gamma":0.4557086361066345,"pit":[[0,[0.999451754383029,0.0005482456169710005]],[1,[0.0,1.0]]],"src":"33.85714#34.93878#71.7551#73.79592#VAR","tgt":"33.85714#34.93878#71.7551#73.79592#Bombing_Explosion-Facility_Infrastructure_Attack"},"_42.5102#43.59184#8.4898#10.53061#Bombing_Explosion-Facility_Infrastructure_Attack_33.85714#34.93878#71.7551#73.79592#Bombing_Explosion-Facility_Infrastructure_Attack_DEL_5.mod":{"aut":[[0,[0,1]],[1,[-1,0]]],"delay":5,"gamma":0.37503064449799695,"pit":[[0,[0.999330207617387,0.0006697923826129849]],[1,[0.0,1.0]]],"src":"42.5102#43.59184#8.4898#10.53061#Bombing_Explosion-Facility_Infrastructure_Attack","tgt":"33.85714#34.93878#71.7551#73.79592#Bombing_Explosion-Facility_Infrastructure_Attack"}}
