{"_-4.0#-2.91837#28.89796#30.93878#VAR_30.61224#31.69388#65.63265#67.67347#Armed_Assault-Hostage_Taking_Barricade_Incident-Hijacking-Assassination-Hostage_Taking_Kidnapping__DEL_7.mod":{"aut":[[0,[1,0]],[1,[1,0]]],"delay":7,"gamma":0.015376971584191157,"pit":[[0,[1.0,0.0]],[1,[0.9975414874492077,0.0024585125507923106]]],"src":"-4.0#-2.91837#28.89796#30.93878#VAR","tgt":"30.61224#31.69388#65.63265#67.67347#Armed_Assault-Hostage_Taking_Barricade_Incident-Hijacking-Assassination-Hostage_Taking_Kidnapping_"},"_14.38776#15.46939#43.18367#45.22449#Armed_Assault-Hostage_Taking_Barricade_Incident-Hijacking-Assassination-Hostage_Taking_Kidnapping__30.61224#31.69388#65.63265#67.67347#Armed_Assault-Hostage_Taking_Barricade_Incident-Hijacking-Assassination-Hostage_Taking_Kidnapping__DEL_2.mod":{"aut":[[0,[0,1]],[1,[-1,0]]],"delay":2,"gamma":0.2201947970768079,"pit":[[0,[0.9983480176557623,0.001651982344237734]],[1,[0.0,1.0]]],"src":"14.38776#15.46939#43.18367#45.22449#Armed_Assault-Hostage_Taking_Barricade_Incident-Hijacking-Assassination-Hostage_Taking_Kidnapping_","tgt":"30.61224#31.69388#65.63265#67.67347#Armed_Assault-Hostage_Taking_Barricade_Incident-Hijacking-Assassination-Hostage_Taking_Kidnapping_"},"_2.4898#3.57143#43.18367#45.22449#VAR_30.61224#31.69388#65.63265#67.67347#Armed_Assault-Hostage_Taking_Barricade_Incident-Hijacking-Assassination-Hostage_Taking_Kidnapping__DEL_5.mod":{"aut":[[0,[0,1]],[1,[-1,0]]],"delay":5,"gamma":0.2198950936437004,"pit":[[0,[0.9983498349493037,0.0016501650506962494]],[1,[0.0,1.0]]],"src":"2.4898#3.57143#43.18367#45.22449#VAR","tgt":"30.61224#31.69388#65.63265#67.67347#Armed_Assault-Hostage_Taking_Barricade_Incident-Hijacking-Assassination-Hostage_Taking_Kidnapping_"},"_24.12245#25.20408#65.63265#67.67347#VAR_30.61224#31.69388#65.63265#67.67347#Armed_Assault-Hostage_Taking_Barricade_Incident-Hijacking-Assassination-Hostage_Taking_Kidnapping__DEL_7.mod":{"aut":[[0,[1,0]],[1,[1,0]]],"delay":7,"gamma":0.030114241759171323,"pit":[[0,[1.0,0.0]],[1,[0.9972621492020312,0.0027378507979688455]]],"src":"24.12245#25.20408#65.63265#67.67347#VAR","tgt":"30.61224#31.69388#65.63265#67.67347#Armed_Assault-Hostage_Taking_Barricade_Incident-Hijacking-Assassination-Hostage_Taking_Kidnapping_"},"_27.36735#28.44898#28.89796#30.93878#Armed_Assault-Hostage_Taking_Barricade_Incident-Hijacking-Assassination-Hostage_Taking_Kidnapping__30.61224#31.69388#65.63265#67.67347#Armed_Assault-Hostage_Taking_Barricade_Incident-Hijacking-Assassination-Hostage_Taking_Kidnapping__DEL_0.mod":{"aut":[[0,[1,0]],[1,[1,0]]],"delay":0,"gamma":0.015153845282703915,"pit":[[0,[1.0,0.0]],[1,[0.9975520195872631,0.0024479804127368818]]],"src":"27.36735#28.44898#28.89796#30.93878#Armed_Assault-Hostage_Taking_Barricade_Incident-Hijacking-Assassination-Hostage_Taking_Kidnapping_","tgt":"30.61224#31.69388#65.63265#67.67347#Armed_Assault-Hostage_Taking_Barricade_Incident-Hijacking-Assassination-Hostage_Taking_Kidnapping_"},"_27.36735#28.44898#28.89796#30.93878#Armed_Assault-Hostage_Taking_Barricade_Incident-Hijacking-Assassination-Hostage_Taking_Kidnapping__30.61224#31.69388#65.63265#67.67347#Armed_Assault-Hostage_Taking_Barricade_Incident-Hijacking-Assassination-Hostage_Taking_Kidnapping__DEL_5.mod":{"aut":[[0,[1,0]],[1,[2,0]],[2,[1,0]]],"delay":5,"gamma":0.014827621472274233,"pit":[[0,[1.0,0.0]],[1,[0.9975874547083246,0.0024125452916754645]],[2,[0.9975031211024055,0.002496878897594509]]],"src":"27.36735#28.44898#28.89796#30.93878#Armed_Assault-Hostage_Taking_Barricade_Incident-Hijacking-Assassination-Hostage_Taking_Kidnapping_","tgt":"30.61224#31.69388#65.63265#67.67347#Armed_Assault-Hostage_Taking_Barricade_Incident-Hijacking-Assassination-Hostage_Taking_Kidnapping_"},"_27.36735#28.44898#28.89796#30.93878#Armed_Assault-Hostage_Taking_Barricade_Incident-Hijacking-Assassination-Hostage_Taking_Kidnapping__30.61224#31.69388#65.63265#67.67347#Armed_Assault-Hostage_Taking_Barricade_Incident-Hijacking-Assassination-Hostage_Taking_Kidnapping__DEL_6.mod":{"aut":[[0,[0,1]],[1,[2,3]],[2,[4,0]],[3,[2,0]],[4,[0,0]]],"delay":6,"gamma":0.3164401671040574,"pit":[[0,[1.0,0.0]],[1,[0.9883720930015971,0.01162790699840285]],[2,[0.96875,0.03125]],[3,[1.0,0.0]],[4,[0.9836065576213305,0.01639344237866948]]],"src":"27.36735#28.44898#28.89796#30.93878#Armed_Assault-Hostage_Taking_Barricade_Incident-Hijacking-Assassination-Hostage_Taking_Kidnapping_","tgt":"30.61224#31.69388#65.63265#67.67347#Armed_Assault-Hostage_Taking_Barricade_Incident-Hijacking-Assassination-Hostage_Taking_Kidnapping_"},"_27.36735#28.44898#28.89796#30.93878#Armed_Assault-Hostage_Taking_Barricade_Incident-Hijacking-Assassination-Hostage_Taking_Kidnapping__30.61224#31.69388#65.63265#67.67347#Armed_Assault-Hostage_Taking_Barricade_Incident-Hijacking-Assassination-Hostage_Taking_Kidnapping__DEL_9.mod":{"aut":[[0,[0,1]],[1,[0,1]]],"delay":9,"gamma":0.012434260466649083,"pit":[[0,[0.9981561155626854,0.0018438844373146297]],[1,[0.9947643977984864,0.005235602201513596]]],"src":"27.36735#28.44898#28.89796#30.93878#Armed_Assault-Hostage_Taking_Barricade_Incident-Hijacking-Assassination-Hostage_Taking_Kidnapping_","tgt":"30.61224#31.69388#65.63265#67.67347#Armed_Assault-Hostage_Taking_Barricade_Incident-Hijacking-Assassination-Hostage_Taking_Kidnapping_"},"_27.36735#28.44898#28.89796#30.93878#VAR_30.61224#31.69388#65.63265#67.67347#Armed_Assault-Hostage_Taking_Barricade_Incident-Hijacking-Assassination-Hostage_Taking_Kidnapping__DEL_0.mod":{"aut":[[0,[1,0]],[1,[2,0]],[2,[0,0]]],"delay":0,"gamma":0.06928346573745803,"pit":[[0,[1.0,0.0]],[1,[0.9964539007521531,0.0035460992478468308]],[2,[0.9963302751490419,0.003669724850958095]]],"src":"27.36735#28.44898#28.89796#30.93878#VAR","tgt":"30.61224#31.69388#65.63265#67.67347#Armed_Assault-Hostage_Taking_Barricade_Incident-Hijacking-Assassination-Hostage_Taking_Kidnapping_"},"_27.36735#28.44898#28.89796#30.93878#VAR_30.61224#31.69388#65.63265#67.67347#Armed_Assault-Hostage_Taking_Barricade_Incident-Hijacking-Assassination-Hostage_Taking_Kidnapping__DEL_1.mod":{"aut":[[0,[0,1]],[1,[2,0]],[2,[0,0]]],"delay":1,"gamma":0.01038044278648298,"pit":[[0,[0.9976512038049682,0.002348796195031762]],[1,[1.0,0.0]],[2,[1.0,0.0]]],"src":"27.36735#28.44898#28.89796#30.93878#VAR","tgt":"30.61224#31.69388#65.63265#67.67347#Armed_Assault-Hostage_Taking_Barricade_Incident-Hijacking-Assassination-Hostage_Taking_Kidnapping_"},"_27.36735#28.44898#28.89796#30.93878#VAR_30.61224#31.69388#65.63265#67.67347#Armed_Assault-Hostage_Taking_Barricade_Incident-Hijacking-Assassination-Hostage_Taking_Kidnapping__DEL_5.mod":{"aut":[[0,[1,0]],[1,[2,0]],[2,[1,0]]],"delay":5,"gamma":0.016060822597576685,"pit":[[0,[1.0,0.0]],[1,[0.9975728155690182,0.0024271844309817973]],[2,[0.997484276744496,0.0025157232555039458]]],"src":"27.36735#28.44898#28.89796#30.93878#VAR","tgt":"30.61224#31.69388#65.63265#67.67347#Armed_Assault-Hostage_Taking_Barricade_Incident-Hijacking-Assassination-Hostage_Taking_Kidnapping_"},"_30.61224#31.69388#32.97959#35.02041#VAR_30.61224#31.69388#65.63265#67.67347#Armed_Assault-Hostage_Taking_Barricade_Incident-Hijacking-Assassination-Hostage_Taking_Kidnapping__DEL_9.mod":{"aut":[[0,[0,1]],[1,[2,0]],[2,[2,0]]],"delay":9,"gamma":0.06606635723847365,"pit":[[0,[0.9982132222669831,0.0017867777330169666]],[1,[0.9736842098400781,0.02631579015992191]],[2,[1.0,0.0]]],"src":"30.61224#31.69388#32.97959#35.02041#VAR","tgt":"30.61224#31.69388#65.63265#67.67347#Armed_Assault-Hostage_Taking_Barricade_Incident-Hijacking-Assassination-Hostage_Taking_Kidnapping_"},"_30.61224#31.69388#65.63265#67.67347#Armed_Assault-Hostage_Taking_Barricade_Incident-Hijacking-Assassination-Hostage_Taking_Kidnapping__30.61224#31.69388#65.63265#67.67347#Armed_Assault-Hostage_Taking_Barricade_Incident-Hijacking-Assassination-Hostage_Taking_Kidnapping__DEL_1.mod":{"aut":[[0,[0,1]],[1,[-1,0]]],"delay":1,"gamma":0.45137770852056924,"pit":[[0,[0.9989035087683557,0.00109649123164433]],[1,[0.0,1.0]]],