{"_-4.0#-2.91837#28.89796#30.93878#VAR_31.69388#32.77551#18.69388#20.73469#Armed_Assault-Hostage_Taking_Barricade_Incident-Hijacking-Assassination-Hostage_Taking_Kidnapping__DEL_5.mod":{"aut":[[0,[1,0]],[1,[1,0]]],"delay":5,"gamma":0.015486111292849825,"pit":[[0,[1.0,0.0]],[1,[0.9975445057719116,0.0024554942280884244]]],"src":"-4.0#-2.91837#28.89796#30.93878#VAR","tgt":"31.69388#32.77551#18.69388#20.73469#Armed_Assault-Hostage_Taking_Barricade_Incident-Hijacking-Assassination-Hostage_Taking_Kidnapping_"},"_1.40816#2.4898#45.22449#47.26531#Armed_Assault-Hostage_Taking_Barricade_Incident-Hijacking-Assassination-Hostage_Taking_Kidnapping__31.69388#32.77551#18.69388#20.73469#Armed_Assault-Hostage_Taking_Barricade_Incident-Hijacking-Assassination-Hostage_Taking_Kidnapping__DEL_9.mod":{"aut":[[0,[0,1]],[1,[-1,0]]],"delay":9,"gamma":0.2204492631209729,"pit":[[0,[0.9983370287836625,0.0016629712163375695]],[1,[0.0,1.0]]],"src":"1.40816#2.4898#45.22449#47.26531#Armed_Assault-Hostage_Taking_Barricade_Incident-Hijacking-Assassination-Hostage_Taking_Kidnapping_","tgt":"31.69388#32.77551#18.69388#20.73469#Armed_Assault-Hostage_Taking_Barricade_Incident-Hijacking-Assassination-Hostage_Taking_Kidnapping_"},"_25.20408#26.28571#67.67347#69.71429#VAR_31.69388#32.77551#18.69388#20.73469#Armed_Assault-Hostage_Taking_Barricade_Incident-Hijacking-Assassination-Hostage_Taking_Kidnapping__DEL_0.mod":{"aut":[[0,[0,1]],[1,[-1,0]]],"delay":0,"gamma":0.22000689982152832,"pit":[[0,[0.9983461962766635,0.001653803723336474]],[1,[0.0,1.0]]],"src":"25.20408#26.28571#67.67347#69.71429#VAR","tgt":"31.69388#32.77551#18.69388#20.73469#Armed_Assault-Hostage_Taking_Barricade_Incident-Hijacking-Assassination-Hostage_Taking_Kidnapping_"},"_29.53061#30.61224#30.93878#32.97959#VAR_31.69388#32.77551#18.69388#20.73469#Armed_Assault-Hostage_Taking_Barricade_Incident-Hijacking-Assassination-Hostage_Taking_Kidnapping__DEL_9.mod":{"aut":[[0,[0,1]],[1,[-1,0]]],"delay":9,"gamma":0.22022334234617658,"pit":[[0,[0.9983407080005309,0.0016592919994691657]],[1,[0.0,1.0]]],"src":"29.53061#30.61224#30.93878#32.97959#VAR","tgt":"31.69388#32.77551#18.69388#20.73469#Armed_Assault-Hostage_Taking_Barricade_Incident-Hijacking-Assassination-Hostage_Taking_Kidnapping_"},"_31.69388#32.77551#18.69388#20.73469#Armed_Assault-Hostage_Taking_Barricade_Incident-Hijacking-Assassination-Hostage_Taking_Kidnapping__31.69388#32.77551#18.69388#20.73469#Armed_Assault-Hostage_Taking_Barricade_Incident-Hijacking-Assassination-Hostage_Taking_Kidnapping__DEL_1.mod":{"aut":[[0,[0,1]],[1,[-1,0]]],"delay":1,"gamma":0.45137770852056924,"pit":[[0,[0.9989035087683557,0.00109649123164433]],[1,[0.0,1.0]]],"src":"31.69388#32.77551#18.69388#20.73469#Armed_Assault-Hostage_Taking_Barricade_Incident-Hijacking-Assassination-Hostage_Taking_Kidnapping_","tgt":"31.69388#32.77551#18.69388#20.73469#Armed_Assault-Hostage_Taking_Barricade_Incident-Hijacking-Assassination-Hostage_Taking_Kidnapping_"},"_31.69388#32.77551#18.69388#20.73469#VAR_31.69388#32.77551#18.69388#20.73469#Armed_Assault-Hostage_Taking_Barricade_Incident-Hijacking-Assassination-Hostage_Taking_Kidnapping__DEL_1.mod":{"aut":[[0,[0,1]],[1,[-1,0]]],"delay":1,"gamma":0.45137770852056924,"pit":[[0,[0.9989035087683557,0.00109649123164433]],[1,[0.0,1.0]]],"src":"31.69388#32.77551#18.69388#20.73469#VAR","tgt":"31.69388#32.77551#18.69388#20.73469#Armed_Assault-Hostage_Taking_Barricade_Incident-Hijacking-Assassination-Hostage_Taking_Kidnapping_"},"_31.69388#32.77551#35.02041#37.06122#VAR_31.69388#32.77551#18.69388#20.73469#Armed_Assault-Hostage_Taking_Barricade_Incident-Hijacking-Assassination-Hostage_Taking_Kidnapping__DEL_9.mod":{"aut":[[0,[1,0]],[1,[1,0]]],"delay":9,"gamma":0.01427459664614461,"pit":[[0,[1.0,0.0]],[1,[0.9975565058749827,0.002443494125017326]]],"src":"31.69388#32.77551#35.02041#37.06122#VAR","tgt":"31.69388#32.77551#18.69388#20.73469#Armed_Assault-Hostage_Taking_Barricade_Incident-Hijacking-Assassination-Hostage_Taking_Kidnapping_"},"_31.69388#32.77551#43.18367#45.22449#Bombing_Explosion-Facility_Infrastructure_Attack_31.69388#32.77551#18.69388#20.73469#Armed_Assault-Hostage_Taking_Barricade_Incident-Hijacking-Assassination-Hostage_Taking_Kidnapping__DEL_1.mod":{"aut":[[0,[0,1]],[1,[-1,0]]],"delay":1,"gamma":0.2197911547534228,"pit":[[0,[0.99835526315598,0.0016447368440199888]],[1,[0.0,1.0]]],"src":"31.69388#32.77551#43.18367#45.22449#Bombing_Explosion-Facility_Infrastructure_Attack","tgt":"31.69388#32.77551#18.69388#20.73469#Armed_Assault-Hostage_Taking_Barricade_Incident-Hijacking-Assassination-Hostage_Taking_Kidnapping_"},"_31.69388#32.77551#43.18367#45.22449#VAR_31.69388#32.77551#18.69388#20.73469#Armed_Assault-Hostage_Taking_Barricade_Incident-Hijacking-Assassination-Hostage_Taking_Kidnapping__DEL_1.mod":{"aut":[[0,[0,1]],[1,[-1,0]]],"delay":1,"gamma":0.21990680664638562,"pit":[[0,[0.9983534578155495,0.0016465421844504865]],[1,[0.0,1.0]]],"src":"31.69388#32.77551#43.18367#45.22449#VAR","tgt":"31.69388#32.77551#18.69388#20.73469#Armed_Assault-Hostage_Taking_Barricade_Incident-Hijacking-Assassination-Hostage_Taking_Kidnapping_"},"_32.77551#33.85714#35.02041#37.06122#VAR_31.69388#32.77551#18.69388#20.73469#Armed_Assault-Hostage_Taking_Barricade_Incident-Hijacking-Assassination-Hostage_Taking_Kidnapping__DEL_7.mod":{"aut":[[0,[1,0]],[1,[1,0]]],"delay":7,"gamma":0.022124034163329753,"pit":[[0,[1.0,0.0]],[1,[0.9974408189199152,0.002559181080084778]]],"src":"32.77551#33.85714#35.02041#37.06122#VAR","tgt":"31.69388#32.77551#18.69388#20.73469#Armed_Assault-Hostage_Taking_Barricade_Incident-Hijacking-Assassination-Hostage_Taking_Kidnapping_"},"_33.85714#34.93878#73.79592#75.83673#Bombing_Explosion-Facility_Infrastructure_Attack_31.69388#32.77551#18.69388#20.73469#Armed_Assault-Hostage_Taking_Barricade_Incident-Hijacking-Assassination-Hostage_Taking_Kidnapping__DEL_2.mod":{"aut":[[0,[1,0]],[1,[1,0]]],"delay":2,"gamma":0.012678270168014483,"pit":[[0,[1.0,0.0]],[1,[0.9976004798777611,0.00239952012223885]]],"src":"33.85714#34.93878#73.79592#75.83673#Bombing_Explosion-Facility_Infrastructure_Attack","tgt":"31.69388#32.77551#18.69388#20.73469#Armed_Assault-Hostage_Taking_Barricade_Incident-Hijacking-Assassination-Hostage_Taking_Kidnapping_"},"_41.42857#42.5102#8.4898#10.53061#Bombing_Explosion-Facility_Infrastructure_Attack_31.69388#32.77551#18.69388#20.73469#Armed_Assault-Hostage_Taking_Barricade_Incident-Hijacking-Assassination-Hostage_Taking_Kidnapping__DEL_0.mod":{"aut":[[0,[1,0]],[1,[2,0]],[2,[3,0]],[3,[0,0]]],"delay":0,"gamma":0.06144029325738243,"pit":[[0,[1.0,0.0]],[1,[0.9977168949553743,0.002283105044625701]],[2,[0.9951807228074107,0.004819277192589389]],[3,[0.9974160206008423,0.002583979399157664]]],"src":"41.42857#42.5102#8.4898#10.53061#Bombing_Explosion-Facility_Infrastructure_Attack","tgt":"31.69388#32.77551#18.69388#20.73469#Armed_Assault-Hostage_Taking_Barricade_Incident-Hijacking-Assassination-Hostage_Taking_Kidnapping_"},"_41.42857#42.5102#8.4898#10.53061#Bombing_Explosion-Facility_Infrastructure_Attack_31.69388#32.77551#18.69388#20.73469#Armed_Assault-Hostage_Taking_Barricade_Incident-Hijacking-Assassination-Hostage_Taking_Kidnapping__DEL_4.mod":{"aut":[[0,[0,1]],[1,[2,1]],[2,[2,0]]],"delay":4,"gamma":0.08204531471503274,"pit":[[0,[0.9890109887448969,0.010989011255103154]],[1,[0.9925925925787952,0.007407407421204779]],[2,[0.9987476518828597,0.0012523481171402072]]],"src":"41.42857#42.5102#8.4898#10.53061#Bombing_Explosion-Facility_Infrastructure_Attack","tgt":"31.69388#32.77551#18.69388#20.73469#Armed_Assault-Hostage_Taking_Barricade_Incident-Hijacking-Assassination-Hostage_Taking_Kidnapping_"},"_42.5102#43.59184#45.22449#47.26531#Bombing_Explosion-Facility_Infrastructure_Attack_31.69388#32.77551#18.69388#20.73469#Armed_Assault-Hostage_Taking_Barricade_Incident-Hijacking-Assassination-Hostage_Taking_Kidnapping__DEL_5.mod":{"aut":[[0,[0,1]],[1,[-1,0]]],"delay":5,"gamma":0.22115763511777597,"pit":[[0,[0.9983296213043596,0.001670378695640355]],[1,[0.0,1.0]]],