{"_15.46939#16.55102#47.26531#49.30612#VAR_36.02041#37.10204#41.14286#43.18367#Armed_Assault-Hostage_Taking_Barricade_Incident-Hijacking-Assassination-Hostage_Taking_Kidnapping__DEL_6.mod":{"aut":[[0,[0,1]],[1,[-1,0]]],"delay":6,"gamma":0.45569365360739134,"pit":[[0,[0.9994502473959711,0.0005497526040289465]],[1,[0.0,1.0]]],"src":"15.46939#16.55102#47.26531#49.30612#VAR","tgt":"36.02041#37.10204#41.14286#43.18367#Armed_Assault-Hostage_Taking_Barricade_Incident-Hijacking-Assassination-Hostage_Taking_Kidnapping_"},"_32.77551#33.85714#35.02041#37.06122#Armed_Assault-Hostage_Taking_Barricade_Incident-Hijacking-Assassination-Hostage_Taking_Kidnapping__36.02041#37.10204#41.14286#43.18367#Armed_Assault-Hostage_Taking_Barricade_Incident-Hijacking-Assassination-Hostage_Taking_Kidnapping__DEL_9.mod":{"aut":[[0,[0,1]],[1,[-1,0]]],"delay":9,"gamma":0.45640241487122046,"pit":[[0,[0.9994428969433267,0.0005571030566733447]],[1,[0.0,1.0]]],"src":"32.77551#33.85714#35.02041#37.06122#Armed_Assault-Hostage_Taking_Barricade_Incident-Hijacking-Assassination-Hostage_Taking_Kidnapping_","tgt":"36.02041#37.10204#41.14286#43.18367#Armed_Assault-Hostage_Taking_Barricade_Incident-Hijacking-Assassination-Hostage_Taking_Kidnapping_"},"_33.85714#34.93878#73.79592#75.83673#VAR_36.02041#37.10204#41.14286#43.18367#Armed_Assault-Hostage_Taking_Barricade_Incident-Hijacking-Assassination-Hostage_Taking_Kidnapping__DEL_5.mod":{"aut":[[0,[0,1]],[1,[-1,0]]],"delay":5,"gamma":1.0,"pit":[[0,[1.0,0.0]],[1,[0.0,1.0]]],"src":"33.85714#34.93878#73.79592#75.83673#VAR","tgt":"36.02041#37.10204#41.14286#43.18367#Armed_Assault-Hostage_Taking_Barricade_Incident-Hijacking-Assassination-Hostage_Taking_Kidnapping_"},"_36.02041#37.10204#41.14286#43.18367#Armed_Assault-Hostage_Taking_Barricade_Incident-Hijacking-Assassination-Hostage_Taking_Kidnapping__36.02041#37.10204#41.14286#43.18367#Armed_Assault-Hostage_Taking_Barricade_Incident-Hijacking-Assassination-Hostage_Taking_Kidnapping__DEL_1.mod":{"aut":[[0,[0,1]],[1,[-1,0]]],"delay":1,"gamma":0.4556735646059177,"pit":[[0,[0.9994520547914587,0.0005479452085413345]],[1,[0.0,1.0]]],"src":"36.02041#37.10204#41.14286#43.18367#Armed_Assault-Hostage_Taking_Barricade_Incident-Hijacking-Assassination-Hostage_Taking_Kidnapping_","tgt":"36.02041#37.10204#41.14286#43.18367#Armed_Assault-Hostage_Taking_Barricade_Incident-Hijacking-Assassination-Hostage_Taking_Kidnapping_"},"_36.02041#37.10204#41.14286#43.18367#VAR_36.02041#37.10204#41.14286#43.18367#Armed_Assault-Hostage_Taking_Barricade_Incident-Hijacking-Assassination-Hostage_Taking_Kidnapping__DEL_1.mod":{"aut":[[0,[0,1]],[1,[-1,0]]],"delay":1,"gamma":0.45574373841911464,"pit":[[0,[0.9994514536582423,0.0005485463417577092]],[1,[0.0,1.0]]],"src":"36.02041#37.10204#41.14286#43.18367#VAR","tgt":"36.02041#37.10204#41.14286#43.18367#Armed_Assault-Hostage_Taking_Barricade_Incident-Hijacking-Assassination-Hostage_Taking_Kidnapping_"},"_37.10204#38.18367#22.77551#24.81633#Bombing_Explosion-Facility_Infrastructure_Attack_36.02041#37.10204#41.14286#43.18367#Armed_Assault-Hostage_Taking_Barricade_Incident-Hijacking-Assassination-Hostage_Taking_Kidnapping__DEL_6.mod":{"aut":[[0,[0,1]],[1,[-1,0]]],"delay":6,"gamma":1.0,"pit":[[0,[1.0,0.0]],[1,[0.0,1.0]]],"src":"37.10204#38.18367#22.77551#24.81633#Bombing_Explosion-Facility_Infrastructure_Attack","tgt":"36.02041#37.10204#41.14286#43.18367#Armed_Assault-Hostage_Taking_Barricade_Incident-Hijacking-Assassination-Hostage_Taking_Kidnapping_"},"_37.10204#38.18367#22.77551#24.81633#VAR_36.02041#37.10204#41.14286#43.18367#Armed_Assault-Hostage_Taking_Barricade_Incident-Hijacking-Assassination-Hostage_Taking_Kidnapping__DEL_6.mod":{"aut":[[0,[0,1]],[1,[-1,0]]],"delay":6,"gamma":1.0,"pit":[[0,[1.0,0.0]],[1,[0.0,1.0]]],"src":"37.10204#38.18367#22.77551#24.81633#VAR","tgt":"36.02041#37.10204#41.14286#43.18367#Armed_Assault-Hostage_Taking_Barricade_Incident-Hijacking-Assassination-Hostage_Taking_Kidnapping_"},"_42.5102#43.59184#20.73469#22.77551#VAR_36.02041#37.10204#41.14286#43.18367#Armed_Assault-Hostage_Taking_Barricade_Incident-Hijacking-Assassination-Hostage_Taking_Kidnapping__DEL_4.mod":{"aut":[[0,[0,1]],[1,[-1,0]]],"delay":4,"gamma":1.0,"pit":[[0,[1.0,0.0]],[1,[0.0,1.0]]],"src":"42.5102#43.59184#20.73469#22.77551#VAR","tgt":"36.02041#37.10204#41.14286#43.18367#Armed_Assault-Hostage_Taking_Barricade_Incident-Hijacking-Assassination-Hostage_Taking_Kidnapping_"},"_42.5102#43.59184#20.73469#22.77551#VAR_36.02041#37.10204#41.14286#43.18367#Armed_Assault-Hostage_Taking_Barricade_Incident-Hijacking-Assassination-Hostage_Taking_Kidnapping__DEL_8.mod":{"aut":[[0,[0,1]],[1,[-1,0]]],"delay":8,"gamma":1.0,"pit":[[0,[1.0,0.0]],[1,[0.0,1.0]]],"src":"42.5102#43.59184#20.73469#22.77551#VAR","tgt":"36.02041#37.10204#41.14286#43.18367#Armed_Assault-Hostage_Taking_Barricade_Incident-Hijacking-Assassination-Hostage_Taking_Kidnapping_"},"_6.81633#7.89796#77.87755#79.91837#VAR_36.02041#37.10204#41.14286#43.18367#Armed_Assault-Hostage_Taking_Barricade_Incident-Hijacking-Assassination-Hostage_Taking_Kidnapping__DEL_6.mod":{"aut":[[0,[0,1]],[1,[-1,0]]],"delay":6,"gamma":1.0,"pit":[[0,[1.0,0.0]],[1,[0.0,1.0]]],"src":"6.81633#7.89796#77.87755#79.91837#VAR","tgt":"36.02041#37.10204#41.14286#43.18367#Armed_Assault-Hostage_Taking_Barricade_Incident-Hijacking-Assassination-Hostage_Taking_Kidnapping_"}}
