{"_-4.0#-2.91837#28.89796#30.93878#Armed_Assault-Hostage_Taking_Barricade_Incident-Hijacking-Assassination-Hostage_Taking_Kidnapping__25.20408#26.28571#61.55102#63.59184#VAR_DEL_8.mod":{"aut":[[0,[0,1]],[1,[-1,0]]],"delay":8,"gamma":0.4460469083022054,"pit":[[0,[0.999417249402019,0.000582750597980909]],[1,[0.0,1.0]]],"src":"-4.0#-2.91837#28.89796#30.93878#Armed_Assault-Hostage_Taking_Barricade_Incident-Hijacking-Assassination-Hostage_Taking_Kidnapping_","tgt":"25.20408#26.28571#61.55102#63.59184#VAR"},"_25.20408#26.28571#61.55102#63.59184#VAR_25.20408#26.28571#61.55102#63.59184#VAR_DEL_1.mod":{"aut":[[0,[0,1]],[1,[-1,0]]],"delay":1,"gamma":0.4556735646059177,"pit":[[0,[0.9994520547914587,0.0005479452085413345]],[1,[0.0,1.0]]],"src":"25.20408#26.28571#61.55102#63.59184#VAR","tgt":"25.20408#26.28571#61.55102#63.59184#VAR"},"_27.36735#28.44898#65.63265#67.67347#VAR_25.20408#26.28571#61.55102#63.59184#VAR_DEL_3.mod":{"aut":[[0,[0,1]],[1,[-1,0]]],"delay":3,"gamma":0.45570503441096366,"pit":[[0,[0.9994511525771869,0.0005488474228131584]],[1,[0.0,1.0]]],"src":"27.36735#28.44898#65.63265#67.67347#VAR","tgt":"25.20408#26.28571#61.55102#63.59184#VAR"},"_31.69388#32.77551#35.02041#37.06122#Bombing_Explosion-Facility_Infrastructure_Attack_25.20408#26.28571#61.55102#63.59184#VAR_DEL_5.mod":{"aut":[[0,[0,1]],[1,[-1,0]]],"delay":5,"gamma":0.20293011001010564,"pit":[[0,[0.9991386735685086,0.0008613264314913734]],[1,[0.0,1.0]]],"src":"31.69388#32.77551#35.02041#37.06122#Bombing_Explosion-Facility_Infrastructure_Attack","tgt":"25.20408#26.28571#61.55102#63.59184#VAR"},"_32.77551#33.85714#71.7551#73.79592#Bombing_Explosion-Facility_Infrastructure_Attack_25.20408#26.28571#61.55102#63.59184#VAR_DEL_4.mod":{"aut":[[0,[0,1]],[1,[-1,0]]],"delay":4,"gamma":0.4560101752378959,"pit":[[0,[0.9994481236191526,0.0005518763808473929]],[1,[0.0,1.0]]],"src":"32.77551#33.85714#71.7551#73.79592#Bombing_Explosion-Facility_Infrastructure_Attack","tgt":"25.20408#26.28571#61.55102#63.59184#VAR"},"_32.77551#33.85714#71.7551#73.79592#VAR_25.20408#26.28571#61.55102#63.59184#VAR_DEL_4.mod":{"aut":[[0,[0,1]],[1,[-1,0]]],"delay":4,"gamma":0.4562194556418875,"pit":[[0,[0.9994462901281396,0.0005537098718604441]],[1,[0.0,1.0]]],"src":"32.77551#33.85714#71.7551#73.79592#VAR","tgt":"25.20408#26.28571#61.55102#63.59184#VAR"},"_32.77551#33.85714#73.79592#75.83673#Armed_Assault-Hostage_Taking_Barricade_Incident-Hijacking-Assassination-Hostage_Taking_Kidnapping__25.20408#26.28571#61.55102#63.59184#VAR_DEL_1.mod":{"aut":[[0,[0,1]],[1,[-1,0]]],"delay":1,"gamma":0.4564141391715616,"pit":[[0,[0.9994456762800104,0.000554323719989688]],[1,[0.0,1.0]]],"src":"32.77551#33.85714#73.79592#75.83673#Armed_Assault-Hostage_Taking_Barricade_Incident-Hijacking-Assassination-Hostage_Taking_Kidnapping_","tgt":"25.20408#26.28571#61.55102#63.59184#VAR"},"_33.85714#34.93878#43.18367#45.22449#Bombing_Explosion-Facility_Infrastructure_Attack_25.20408#26.28571#61.55102#63.59184#VAR_DEL_2.mod":{"aut":[[0,[0,1]],[1,[-1,0]]],"delay":2,"gamma":0.45577865989196065,"pit":[[0,[0.999450851179775,0.0005491488202250492]],[1,[0.0,1.0]]],"src":"33.85714#34.93878#43.18367#45.22449#Bombing_Explosion-Facility_Infrastructure_Attack","tgt":"25.20408#26.28571#61.55102#63.59184#VAR"},"_33.85714#34.93878#43.18367#45.22449#VAR_25.20408#26.28571#61.55102#63.59184#VAR_DEL_2.mod":{"aut":[[0,[0,1]],[1,[-1,0]]],"delay":2,"gamma":0.4558486594958626,"pit":[[0,[0.9994502473959711,0.0005497526040289465]],[1,[0.0,1.0]]],"src":"33.85714#34.93878#43.18367#45.22449#VAR","tgt":"25.20408#26.28571#61.55102#63.59184#VAR"},"_36.02041#37.10204#4.40816#6.44898#Bombing_Explosion-Facility_Infrastructure_Attack_25.20408#26.28571#61.55102#63.59184#VAR_DEL_9.mod":{"aut":[[0,[0,1]],[1,[-1,0]]],"delay":9,"gamma":0.4560600723676971,"pit":[[0,[0.9994459833785985,0.0005540166214015593]],[1,[0.0,1.0]]],"src":"36.02041#37.10204#4.40816#6.44898#Bombing_Explosion-Facility_Infrastructure_Attack","tgt":"25.20408#26.28571#61.55102#63.59184#VAR"},"_36.02041#37.10204#4.40816#6.44898#VAR_25.20408#26.28571#61.55102#63.59184#VAR_DEL_9.mod":{"aut":[[0,[0,1]],[1,[-1,0]]],"delay":9,"gamma":0.4565398689789213,"pit":[[0,[0.9994416527171494,0.0005583472828506081]],[1,[0.0,1.0]]],"src":"36.02041#37.10204#4.40816#6.44898#VAR","tgt":"25.20408#26.28571#61.55102#63.59184#VAR"},"_42.5102#43.59184#45.22449#47.26531#Bombing_Explosion-Facility_Infrastructure_Attack_25.20408#26.28571#61.55102#63.59184#VAR_DEL_3.mod":{"aut":[[0,[0,1]],[1,[-1,0]]],"delay":3,"gamma":0.4565456620869244,"pit":[[0,[0.9994438264667377,0.0005561735332623393]],[1,[0.0,1.0]]],"src":"42.5102#43.59184#45.22449#47.26531#Bombing_Explosion-Facility_Infrastructure_Attack","tgt":"25.20408#26.28571#61.55102#63.59184#VAR"}}
