{"_12.22449#13.30612#43.18367#45.22449#Armed_Assault-Hostage_Taking_Barricade_Incident-Hijacking-Assassination-Hostage_Taking_Kidnapping__29.53061#30.61224#47.26531#49.30612#VAR_DEL_8.mod":{"aut":[[0,[0,1]],[1,[-1,0]]],"delay":8,"gamma":0.45565554139408315,"pit":[[0,[0.9994499450095796,0.0005500549904203479]],[1,[0.0,1.0]]],"src":"12.22449#13.30612#43.18367#45.22449#Armed_Assault-Hostage_Taking_Barricade_Incident-Hijacking-Assassination-Hostage_Taking_Kidnapping_","tgt":"29.53061#30.61224#47.26531#49.30612#VAR"},"_12.22449#13.30612#43.18367#45.22449#VAR_29.53061#30.61224#47.26531#49.30612#VAR_DEL_8.mod":{"aut":[[0,[0,1]],[1,[-1,0]]],"delay":8,"gamma":0.45582607442984013,"pit":[[0,[0.9994484280088122,0.0005515719911877754]],[1,[0.0,1.0]]],"src":"12.22449#13.30612#43.18367#45.22449#VAR","tgt":"29.53061#30.61224#47.26531#49.30612#VAR"},"_14.38776#15.46939#43.18367#45.22449#Armed_Assault-Hostage_Taking_Barricade_Incident-Hijacking-Assassination-Hostage_Taking_Kidnapping__29.53061#30.61224#47.26531#49.30612#VAR_DEL_0.mod":{"aut":[[0,[0,1]],[1,[-1,0]]],"delay":0,"gamma":0.4556988793349257,"pit":[[0,[0.9994496422741371,0.0005503577258628546]],[1,[0.0,1.0]]],"src":"14.38776#15.46939#43.18367#45.22449#Armed_Assault-Hostage_Taking_Barricade_Incident-Hijacking-Assassination-Hostage_Taking_Kidnapping_","tgt":"29.53061#30.61224#47.26531#49.30612#VAR"},"_14.38776#15.46939#43.18367#45.22449#VAR_29.53061#30.61224#47.26531#49.30612#VAR_DEL_0.mod":{"aut":[[0,[0,1]],[1,[-1,0]]],"delay":0,"gamma":0.10528191381010799,"pit":[[0,[0.9990234375,0.0009765625]],[1,[0.0,1.0]]],"src":"14.38776#15.46939#43.18367#45.22449#VAR","tgt":"29.53061#30.61224#47.26531#49.30612#VAR"},"_24.12245#25.20408#65.63265#67.67347#Armed_Assault-Hostage_Taking_Barricade_Incident-Hijacking-Assassination-Hostage_Taking_Kidnapping__29.53061#30.61224#47.26531#49.30612#VAR_DEL_7.mod":{"aut":[[0,[1,0]],[1,[2,0]],[2,[0,0]]],"delay":7,"gamma":0.07185320283579133,"pit":[[0,[1.0,0.0]],[1,[0.9981203007181805,0.0018796992818194726]],[2,[0.9979959920390261,0.002004007960973918]]],"src":"24.12245#25.20408#65.63265#67.67347#Armed_Assault-Hostage_Taking_Barricade_Incident-Hijacking-Assassination-Hostage_Taking_Kidnapping_","tgt":"29.53061#30.61224#47.26531#49.30612#VAR"},"_29.53061#30.61224#47.26531#49.30612#Bombing_Explosion-Facility_Infrastructure_Attack_29.53061#30.61224#47.26531#49.30612#VAR_DEL_1.mod":{"aut":[[0,[0,1]],[1,[-1,0]]],"delay":1,"gamma":0.4556735646059177,"pit":[[0,[0.9994520547914587,0.0005479452085413345]],[1,[0.0,1.0]]],"src":"29.53061#30.61224#47.26531#49.30612#Bombing_Explosion-Facility_Infrastructure_Attack","tgt":"29.53061#30.61224#47.26531#49.30612#VAR"},"_29.53061#30.61224#47.26531#49.30612#VAR_29.53061#30.61224#47.26531#49.30612#VAR_DEL_1.mod":{"aut":[[0,[0,1]],[1,[-1,0]]],"delay":1,"gamma":0.4556735646059177,"pit":[[0,[0.9994520547914587,0.0005479452085413345]],[1,[0.0,1.0]]],"src":"29.53061#30.61224#47.26531#49.30612#VAR","tgt":"29.53061#30.61224#47.26531#49.30612#VAR"},"_31.69388#32.77551#73.79592#75.83673#VAR_29.53061#30.61224#47.26531#49.30612#VAR_DEL_2.mod":{"aut":[[0,[0,1]],[1,[-1,0]]],"delay":2,"gamma":0.4568011186471722,"pit":[[0,[0.9994419642702853,0.000558035729714642]],[1,[0.0,1.0]]],"src":"31.69388#32.77551#73.79592#75.83673#VAR","tgt":"29.53061#30.61224#47.26531#49.30612#VAR"},"_33.85714#34.93878#35.02041#37.06122#Bombing_Explosion-Facility_Infrastructure_Attack_29.53061#30.61224#47.26531#49.30612#VAR_DEL_3.mod":{"aut":[[0,[0,1]],[1,[-1,0]]],"delay":3,"gamma":0.10493519682680674,"pit":[[0,[0.9990281827274468,0.0009718172725532627]],[1,[0.0,1.0]]],"src":"33.85714#34.93878#35.02041#37.06122#Bombing_Explosion-Facility_Infrastructure_Attack","tgt":"29.53061#30.61224#47.26531#49.30612#VAR"},"_36.02041#37.10204#2.36735#4.40816#Bombing_Explosion-Facility_Infrastructure_Attack_29.53061#30.61224#47.26531#49.30612#VAR_DEL_6.mod":{"aut":[[0,[1,0]],[1,[1,0]]],"delay":6,"gamma":0.032604769130540445,"pit":[[0,[1.0,0.0]],[1,[0.9985744832256173,0.0014255167743827048]]],"src":"36.02041#37.10204#2.36735#4.40816#Bombing_Explosion-Facility_Infrastructure_Attack","tgt":"29.53061#30.61224#47.26531#49.30612#VAR"},"_37.10204#38.18367#43.18367#45.22449#VAR_29.53061#30.61224#47.26531#49.30612#VAR_DEL_8.mod":{"aut":[[0,[0,1]],[1,[-1,0]]],"delay":8,"gamma":0.4559286361148026,"pit":[[0,[0.9994475138103538,0.0005524861896462039]],[1,[0.0,1.0]]],"src":"37.10204#38.18367#43.18367#45.22449#VAR","tgt":"29.53061#30.61224#47.26531#49.30612#VAR"},"_40.34694#41.42857#28.89796#30.93878#Bombing_Explosion-Facility_Infrastructure_Attack_29.53061#30.61224#47.26531#49.30612#VAR_DEL_6.mod":{"aut":[[0,[0,1]],[1,[-1,0]]],"delay":6,"gamma":1.0,"pit":[[0,[1.0,0.0]],[1,[0.0,1.0]]],"src":"40.34694#41.42857#28.89796#30.93878#Bombing_Explosion-Facility_Infrastructure_Attack","tgt":"29.53061#30.61224#47.26531#49.30612#VAR"},"_40.34694#41.42857#28.89796#30.93878#VAR_29.53061#30.61224#47.26531#49.30612#VAR_DEL_3.mod":{"aut":[[0,[1,0]],[1,[2,0]],[2,[0,0]]],"delay":3,"gamma":0.06413186938686699,"pit":[[0,[1.0,0.0]],[1,[0.9982300885219489,0.0017699114780510424]],[2,[0.9981060605531445,0.0018939394468554492]]],"src":"40.34694#41.42857#28.89796#30.93878#VAR","tgt":"29.53061#30.61224#47.26531#49.30612#VAR"},"_40.34694#41.42857#28.89796#30.93878#VAR_29.53061#30.61224#47.26531#49.30612#VAR_DEL_6.mod":{"aut":[[0,[0,1]],[1,[-1,0]]],"delay":6,"gamma":1.0,"pit":[[0,[1.0,0.0]],[1,[0.0,1.0]]],"src":"40.34694#41.42857#28.89796#30.93878#VAR","tgt":"29.53061#30.61224#47.26531#49.30612#VAR"},"_41.42857#42.5102#8.4898#10.53061#Bombing_Explosion-Facility_Infrastructure_Attack_29.53061#30.61224#47.26531#49.30612#VAR_DEL_8.mod":{"aut":[[0,[1,0]],[1,[2,0]],[2,[0,0]]],"delay":8,"gamma":0.0642414980282785,"pit":[[0,[1.0,0.0]],[1,[0.9982206405517877,0.001779359448212282]],[2,[0.9981412638961614,0.0018587361038385536]]],"src":"41.42857#42.5102#8.4898#10.53061#Bombing_Explosion-Facility_Infrastructure_Attack","tgt":"29.53061#30.61224#47.26531#49.30612#VAR"},"_41.42857#42.5102#8.4898#10.53061#VAR_29.53061#30.61224#47.26531#49.30612#VAR_DEL_8.mod":{"aut":[[0,[1,0]],[1,[2,0]],[2,[0,0]]],"delay":8,"gamma":0.06572927638111892,"pit":[[0,[1.0,0.0]],[1,[0.9982046678919794,0.0017953321080206766]],[2,[0.9981132075331121,0.0018867924668878877]]],"src":"41.42857#42.5102#8.4898#10.53061#VAR","tgt":"29.53061#30.61224#47.26531#49.30612#VAR"},"_42.5102#43.59184#8.4898#10.53061#VAR_29.53061#30.61224#47.26531#49.30612#VAR_DEL_8.mod":{"aut":[[0,[1,0]],[1,[2,0]],[2,[0,0]]],"delay":8,"gamma":0.0588610306167322,"pit":[[0,[1.0,0.0]],[1,[0.9982728843077766,0.0017271156922233693]],[2,[0.9982206405517877,0.001779359448212282]]],"src":"42.5102#43.59184#8.4898#10.53061#VAR","tgt":"29.53061#30.61224#47.26531#49.30612#VAR"}}
