{"_14.38776#15.46939#43.18367#45.22449#Armed_Assault-Hostage_Taking_Barricade_Incident-Hijacking-Assassination-Hostage_Taking_Kidnapping__29.53061#30.61224#67.67347#69.71429#VAR_DEL_5.mod":{"aut":[[0,[0,1]],[1,[-1,0]]],"delay":5,"gamma":0.4559395221688859,"pit":[[0,[0.9994484280088122,0.0005515719911877754]],[1,[0.0,1.0]]],"src":"14.38776#15.46939#43.18367#45.22449#Armed_Assault-Hostage_Taking_Barricade_Incident-Hijacking-Assassination-Hostage_Taking_Kidnapping_","tgt":"29.53061#30.61224#67.67347#69.71429#VAR"},"_14.38776#15.46939#43.18367#45.22449#VAR_29.53061#30.61224#67.67347#69.71429#VAR_DEL_5.mod":{"aut":[[0,[0,1]],[1,[-1,0]]],"delay":5,"gamma":0.10741493138607716,"pit":[[0,[0.9990234375,0.0009765625]],[1,[0.0,1.0]]],"src":"14.38776#15.46939#43.18367#45.22449#VAR","tgt":"29.53061#30.61224#67.67347#69.71429#VAR"},"_24.12245#25.20408#65.63265#67.67347#Bombing_Explosion-Facility_Infrastructure_Attack_29.53061#30.61224#67.67347#69.71429#VAR_DEL_7.mod":{"aut":[[0,[0,1]],[1,[-1,0]]],"delay":7,"gamma":0.1721697474960716,"pit":[[0,[0.9990950226202202,0.0009049773797797402]],[1,[0.0,1.0]]],"src":"24.12245#25.20408#65.63265#67.67347#Bombing_Explosion-Facility_Infrastructure_Attack","tgt":"29.53061#30.61224#67.67347#69.71429#VAR"},"_29.53061#30.61224#67.67347#69.71429#VAR_29.53061#30.61224#67.67347#69.71429#VAR_DEL_1.mod":{"aut":[[0,[0,1]],[1,[-1,0]]],"delay":1,"gamma":0.4556735646059177,"pit":[[0,[0.9994520547914587,0.0005479452085413345]],[1,[0.0,1.0]]],"src":"29.53061#30.61224#67.67347#69.71429#VAR","tgt":"29.53061#30.61224#67.67347#69.71429#VAR"},"_33.85714#34.93878#69.71429#71.7551#Armed_Assault-Hostage_Taking_Barricade_Incident-Hijacking-Assassination-Hostage_Taking_Kidnapping__29.53061#30.61224#67.67347#69.71429#VAR_DEL_2.mod":{"aut":[[0,[0,1]],[1,[-1,0]]],"delay":2,"gamma":0.4558136608727976,"pit":[[0,[0.9994505494660608,0.0005494505339391684]],[1,[0.0,1.0]]],"src":"33.85714#34.93878#69.71429#71.7551#Armed_Assault-Hostage_Taking_Barricade_Incident-Hijacking-Assassination-Hostage_Taking_Kidnapping_","tgt":"29.53061#30.61224#67.67347#69.71429#VAR"},"_33.85714#34.93878#69.71429#71.7551#VAR_29.53061#30.61224#67.67347#69.71429#VAR_DEL_2.mod":{"aut":[[0,[0,1]],[1,[-1,0]]],"delay":2,"gamma":0.4561997667802218,"pit":[[0,[0.9994472083988285,0.0005527916011715082]],[1,[0.0,1.0]]],"src":"33.85714#34.93878#69.71429#71.7551#VAR","tgt":"29.53061#30.61224#67.67347#69.71429#VAR"}}
