{"_-0.7551#0.32653#41.14286#43.18367#VAR_-0.7551#0.32653#41.14286#43.18367#VAR_DEL_1.mod":{"aut":[[0,[0,1]],[1,[-1,0]]],"delay":1,"gamma":0.4556735646059177,"pit":[[0,[0.9994520547914587,0.0005479452085413345]],[1,[0.0,1.0]]],"src":"-0.7551#0.32653#41.14286#43.18367#VAR","tgt":"-0.7551#0.32653#41.14286#43.18367#VAR"},"_-1.83673#-0.7551#28.89796#30.93878#VAR_-0.7551#0.32653#41.14286#43.18367#VAR_DEL_0.mod":{"aut":[[0,[0,1]],[1,[-1,0]]],"delay":0,"gamma":1.0,"pit":[[0,[1.0,0.0]],[1,[0.0,1.0]]],"src":"-1.83673#-0.7551#28.89796#30.93878#VAR","tgt":"-0.7551#0.32653#41.14286#43.18367#VAR"},"_13.30612#14.38776#45.22449#47.26531#VAR_-0.7551#0.32653#41.14286#43.18367#VAR_DEL_8.mod":{"aut":[[0,[0,1]],[1,[-1,0]]],"delay":8,"gamma":0.45565554139408315,"pit":[[0,[0.9994499450095796,0.0005500549904203479]],[1,[0.0,1.0]]],"src":"13.30612#14.38776#45.22449#47.26531#VAR","tgt":"-0.7551#0.32653#41.14286#43.18367#VAR"},"_24.12245#25.20408#65.63265#67.67347#Armed_Assault-Hostage_Taking_Barricade_Incident-Hijacking-Assassination-Hostage_Taking_Kidnapping__-0.7551#0.32653#41.14286#43.18367#VAR_DEL_1.mod":{"aut":[[0,[0,1]],[1,[-1,0]]],"delay":1,"gamma":1.0,"pit":[[0,[1.0,0.0]],[1,[0.0,1.0]]],"src":"24.12245#25.20408#65.63265#67.67347#Armed_Assault-Hostage_Taking_Barricade_Incident-Hijacking-Assassination-Hostage_Taking_Kidnapping_","tgt":"-0.7551#0.32653#41.14286#43.18367#VAR"},"_30.61224#31.69388#32.97959#35.02041#Armed_Assault-Hostage_Taking_Barricade_Incident-Hijacking-Assassination-Hostage_Taking_Kidnapping__-0.7551#0.32653#41.14286#43.18367#VAR_DEL_8.mod":{"aut":[[0,[0,1]],[1,[-1,0]]],"delay":8,"gamma":1.0,"pit":[[0,[1.0,0.0]],[1,[0.0,1.0]]],"src":"30.61224#31.69388#32.97959#35.02041#Armed_Assault-Hostage_Taking_Barricade_Incident-Hijacking-Assassination-Hostage_Taking_Kidnapping_","tgt":"-0.7551#0.32653#41.14286#43.18367#VAR"},"_34.93878#36.02041#43.18367#45.22449#VAR_-0.7551#0.32653#41.14286#43.18367#VAR_DEL_2.mod":{"aut":[[0,[0,1]],[1,[-1,0]]],"delay":2,"gamma":0.4557087539159492,"pit":[[0,[0.9994514536582423,0.0005485463417577092]],[1,[0.0,1.0]]],"src":"34.93878#36.02041#43.18367#45.22449#VAR","tgt":"-0.7551#0.32653#41.14286#43.18367#VAR"}}
