{"_25.20408#26.28571#49.30612#51.34694#Bombing_Explosion-Facility_Infrastructure_Attack_36.02041#37.10204#65.63265#67.67347#VAR_DEL_2.mod":{"aut":[[0,[0,1]],[1,[-1,0]]],"delay":2,"gamma":0.4527272478158706,"pit":[[0,[0.9994404029145302,0.0005595970854697887]],[1,[0.0,1.0]]],"src":"25.20408#26.28571#49.30612#51.34694#Bombing_Explosion-Facility_Infrastructure_Attack","tgt":"36.02041#37.10204#65.63265#67.67347#VAR"},"_25.20408#26.28571#49.30612#51.34694#Bombing_Explosion-Facility_Infrastructure_Attack_36.02041#37.10204#65.63265#67.67347#VAR_DEL_8.mod":{"aut":[[0,[0,1]],[1,[-1,0]]],"delay":8,"gamma":0.454297781739621,"pit":[[0,[0.9994404029145302,0.0005595970854697887]],[1,[0.0,1.0]]],"src":"25.20408#26.28571#49.30612#51.34694#Bombing_Explosion-Facility_Infrastructure_Attack","tgt":"36.02041#37.10204#65.63265#67.67347#VAR"},"_25.20408#26.28571#49.30612#51.34694#VAR_36.02041#37.10204#65.63265#67.67347#VAR_DEL_2.mod":{"aut":[[0,[0,1]],[1,[-1,0]]],"delay":2,"gamma":0.45289517410937197,"pit":[[0,[0.9994388327743873,0.0005611672256127269]],[1,[0.0,1.0]]],"src":"25.20408#26.28571#49.30612#51.34694#VAR","tgt":"36.02041#37.10204#65.63265#67.67347#VAR"},"_25.20408#26.28571#49.30612#51.34694#VAR_36.02041#37.10204#65.63265#67.67347#VAR_DEL_8.mod":{"aut":[[0,[0,1]],[1,[-1,0]]],"delay":8,"gamma":0.4544652261272728,"pit":[[0,[0.9994388327743873,0.0005611672256127269]],[1,[0.0,1.0]]],"src":"25.20408#26.28571#49.30612#51.34694#VAR","tgt":"36.02041#37.10204#65.63265#67.67347#VAR"},"_29.53061#30.61224#65.63265#67.67347#Armed_Assault-Hostage_Taking_Barricade_Incident-Hijacking-Assassination-Hostage_Taking_Kidnapping__36.02041#37.10204#65.63265#67.67347#VAR_DEL_5.mod":{"aut":[[0,[0,1]],[1,[-1,0]]],"delay":5,"gamma":0.45576656286294004,"pit":[[0,[0.9994499450095796,0.0005500549904203479]],[1,[0.0,1.0]]],"src":"29.53061#30.61224#65.63265#67.67347#Armed_Assault-Hostage_Taking_Barricade_Incident-Hijacking-Assassination-Hostage_Taking_Kidnapping_","tgt":"36.02041#37.10204#65.63265#67.67347#VAR"},"_29.53061#30.61224#65.63265#67.67347#VAR_36.02041#37.10204#65.63265#67.67347#VAR_DEL_5.mod":{"aut":[[0,[0,1]],[1,[-1,0]]],"delay":5,"gamma":1.0,"pit":[[0,[1.0,0.0]],[1,[0.0,1.0]]],"src":"29.53061#30.61224#65.63265#67.67347#VAR","tgt":"36.02041#37.10204#65.63265#67.67347#VAR"},"_31.69388#32.77551#20.73469#22.77551#VAR_36.02041#37.10204#65.63265#67.67347#VAR_DEL_5.mod":{"aut":[[0,[0,1]],[1,[-1,0]]],"delay":5,"gamma":0.45566298462289134,"pit":[[0,[0.999450851179775,0.0005491488202250492]],[1,[0.0,1.0]]],"src":"31.69388#32.77551#20.73469#22.77551#VAR","tgt":"36.02041#37.10204#65.63265#67.67347#VAR"},"_32.77551#33.85714#73.79592#75.83673#Bombing_Explosion-Facility_Infrastructure_Attack_36.02041#37.10204#65.63265#67.67347#VAR_DEL_6.mod":{"aut":[[0,[1,0]],[1,[2,0]],[2,[0,0]]],"delay":6,"gamma":0.05411497375008101,"pit":[[0,[1.0,0.0]],[1,[0.9983249580958731,0.0016750419041269796]],[2,[0.9983079526415836,0.001692047358416462]]],"src":"32.77551#33.85714#73.79592#75.83673#Bombing_Explosion-Facility_Infrastructure_Attack","tgt":"36.02041#37.10204#65.63265#67.67347#VAR"},"_32.77551#33.85714#73.79592#75.83673#Bombing_Explosion-Facility_Infrastructure_Attack_36.02041#37.10204#65.63265#67.67347#VAR_DEL_9.mod":{"aut":[[0,[0,1]],[1,[-1,0]]],"delay":9,"gamma":0.42134007208847324,"pit":[[0,[0.9994008388112753,0.000599161188724719]],[1,[0.0,1.0]]],"src":"32.77551#33.85714#73.79592#75.83673#Bombing_Explosion-Facility_Infrastructure_Attack","tgt":"36.02041#37.10204#65.63265#67.67347#VAR"},"_33.85714#34.93878#71.7551#73.79592#Armed_Assault-Hostage_Taking_Barricade_Incident-Hijacking-Assassination-Hostage_Taking_Kidnapping__36.02041#37.10204#65.63265#67.67347#VAR_DEL_1.mod":{"aut":[[0,[0,1]],[1,[-1,0]]],"delay":1,"gamma":0.4556735646059177,"pit":[[0,[0.9994520547914587,0.0005479452085413345]],[1,[0.0,1.0]]],"src":"33.85714#34.93878#71.7551#73.79592#Armed_Assault-Hostage_Taking_Barricade_Incident-Hijacking-Assassination-Hostage_Taking_Kidnapping_","tgt":"36.02041#37.10204#65.63265#67.67347#VAR"},"_33.85714#34.93878#71.7551#73.79592#VAR_36.02041#37.10204#65.63265#67.67347#VAR_DEL_1.mod":{"aut":[[0,[0,1]],[1,[-1,0]]],"delay":1,"gamma":0.4557086361066345,"pit":[[0,[0.999451754383029,0.0005482456169710005]],[1,[0.0,1.0]]],"src":"33.85714#34.93878#71.7551#73.79592#VAR","tgt":"36.02041#37.10204#65.63265#67.67347#VAR"},"_36.02041#37.10204#65.63265#67.67347#VAR_36.02041#37.10204#65.63265#67.67347#VAR_DEL_1.mod":{"aut":[[0,[0,1]],[1,[-1,0]]],"delay":1,"gamma":0.4556735646059177,"pit":[[0,[0.9994520547914587,0.0005479452085413345]],[1,[0.0,1.0]]],"src":"36.02041#37.10204#65.63265#67.67347#VAR","tgt":"36.02041#37.10204#65.63265#67.67347#VAR"},"_37.10204#38.18367#39.10204#41.14286#VAR_36.02041#37.10204#65.63265#67.67347#VAR_DEL_3.mod":{"aut":[[0,[0,1]],[1,[-1,0]]],"delay":3,"gamma":0.3705522410672397,"pit":[[0,[0.9993416721663739,0.0006583278336261176]],[1,[0.0,1.0]]],"src":"37.10204#38.18367#39.10204#41.14286#VAR","tgt":"36.02041#37.10204#65.63265#67.67347#VAR"}}
