{"_-1.83673#-0.7551#28.89796#30.93878#VAR_41.42857#42.5102#20.73469#22.77551#VAR_DEL_1.mod":{"aut":[[0,[0,1]],[1,[-1,0]]],"delay":1,"gamma":0.5851942812142383,"pit":[[0,[0.9914634144649183,0.008536585535081784]],[1,[0.0,1.0]]],"src":"-1.83673#-0.7551#28.89796#30.93878#VAR","tgt":"41.42857#42.5102#20.73469#22.77551#VAR"},"_-1.83673#-0.7551#28.89796#30.93878#VAR_41.42857#42.5102#20.73469#22.77551#VAR_DEL_3.mod":{"aut":[[0,[0,1]],[1,[-1,0]]],"delay":3,"gamma":0.5373761400728101,"pit":[[0,[0.9902439025207991,0.009756097479200945]],[1,[0.0,1.0]]],"src":"-1.83673#-0.7551#28.89796#30.93878#VAR","tgt":"41.42857#42.5102#20.73469#22.77551#VAR"},"_-2.91837#-1.83673#28.89796#30.93878#VAR_41.42857#42.5102#20.73469#22.77551#VAR_DEL_9.mod":{"aut":[[0,[0,1]],[1,[2,2]],[2,[3,2]],[3,[4,2]],[4,[5,2]],[5,[0,6]],[6,[-1,2]]],"delay":9,"gamma":0.016534004359623378,"pit":[[0,[0.9734799499258417,0.026520050074158235]],[1,[0.9791666664726412,0.020833333527358867]],[2,[1.0,0.0]],[3,[1.0,0.0]],[4,[0.9807692309483312,0.019230769051668744]],[5,[0.9591836726330981,0.04081632736690194]],[6,[0.0,1.0]]],"src":"-2.91837#-1.83673#28.89796#30.93878#VAR","tgt":"41.42857#42.5102#20.73469#22.77551#VAR"},"_-4.0#-2.91837#28.89796#30.93878#VAR_41.42857#42.5102#20.73469#22.77551#VAR_DEL_4.mod":{"aut":[[0,[2,2]],[1,[0,3]],[2,[4,2]],[3,[5,6]],[4,[7,2]],[5,[2,0]],[6,[8,0]],[7,[9,2]],[8,[2,0]],[9,[1,2]]],"delay":4,"gamma":0.01029398737755205,"pit":[[0,[0.9675785214305226,0.03242147856947745]],[1,[0.9728944825165384,0.027105517483461516]],[2,[0.9757428747122309,0.02425712528776913]],[3,[1.0,0.0]],[4,[0.970515970030859,0.029484029969141]],[5,[1.0,0.0]],[6,[1.0,0.0]],[7,[0.9759450173101474,0.024054982689852573]],[8,[1.0,0.0]],[9,[0.9851301110913928,0.014869888908607161]]],"src":"-4.0#-2.91837#28.89796#30.93878#VAR","tgt":"41.42857#42.5102#20.73469#22.77551#VAR"},"_-4.0#-2.91837#28.89796#30.93878#VAR_41.42857#42.5102#20.73469#22.77551#VAR_DEL_7.mod":{"aut":[[0,[0,1]],[1,[2,3]],[2,[4,0]],[3,[0,0]],[4,[5,0]],[5,[6,0]],[6,[7,0]],[7,[8,0]],[8,[0,0]]],"delay":7,"gamma":0.02092188361465197,"pit":[[0,[0.973208722042796,0.026791277957204016]],[1,[1.0,0.0]],[2,[1.0,0.0]],[3,[0.9753086421592736,0.02469135784072641]],[4,[1.0,0.0]],[5,[1.0,0.0]],[6,[1.0,0.0]],[7,[1.0,0.0]],[8,[1.0,0.0]]],"src":"-4.0#-2.91837#28.89796#30.93878#VAR","tgt":"41.42857#42.5102#20.73469#22.77551#VAR"},"_24.12245#25.20408#65.63265#67.67347#Armed_Assault-Hostage_Taking_Barricade_Incident-Hijacking-Assassination-Hostage_Taking_Kidnapping__41.42857#42.5102#20.73469#22.77551#VAR_DEL_8.mod":{"aut":[[0,[0,1]],[1,[0,1]]],"delay":8,"gamma":0.02553466489386802,"pit":[[0,[0.9706666668454806,0.029333333154519397]],[1,[0.9968652036785496,0.0031347963214504535]]],"src":"24.12245#25.20408#65.63265#67.67347#Armed_Assault-Hostage_Taking_Barricade_Incident-Hijacking-Assassination-Hostage_Taking_Kidnapping_","tgt":"41.42857#42.5102#20.73469#22.77551#VAR"},"_24.12245#25.20408#65.63265#67.67347#VAR_41.42857#42.5102#20.73469#22.77551#VAR_DEL_8.mod":{"aut":[[0,[0,1]],[1,[2,3]],[2,[0,0]],[3,[2,0]]],"delay":8,"gamma":0.01312765917022829,"pit":[[0,[0.9717825198647324,0.028217480135267595]],[1,[0.9932432433093168,0.006756756690683198]],[2,[0.9764705878189381,0.023529412181061856]],[3,[0.9924812030355284,0.007518796964471502]]],"src":"24.12245#25.20408#65.63265#67.67347#VAR","tgt":"41.42857#42.5102#20.73469#22.77551#VAR"},"_24.12245#25.20408#65.63265#67.67347#VAR_41.42857#42.5102#20.73469#22.77551#VAR_DEL_9.mod":{"aut":[[0,[0,1]],[1,[0,1]]],"delay":9,"gamma":0.014207045731976509,"pit":[[0,[0.971232876610266,0.02876712338973398]],[1,[0.9916201118046845,0.008379888195315549]]],"src":"24.12245#25.20408#65.63265#67.67347#VAR","tgt":"41.42857#42.5102#20.73469#22.77551#VAR"},"_25.20408#26.28571#49.30612#51.34694#VAR_41.42857#42.5102#20.73469#22.77551#VAR_DEL_0.mod":{"aut":[[0,[1,0]],[1,[2,0]],[2,[0,-1]]],"delay":0,"gamma":0.37400342285764687,"pit":[[0,[0.9773095614205882,0.02269043857941175]],[1,[0.9781144771486621,0.02188552285133794]],[2,[1.0,0.0]]],"src":"25.20408#26.28571#49.30612#51.34694#VAR","tgt":"41.42857#42.5102#20.73469#22.77551#VAR"},"_27.36735#28.44898#28.89796#30.93878#Armed_Assault-Hostage_Taking_Barricade_Incident-Hijacking-Assassination-Hostage_Taking_Kidnapping__41.42857#42.5102#20.73469#22.77551#VAR_DEL_1.mod":{"aut":[[0,[0,1]],[1,[1,0]]],"delay":1,"gamma":0.03333291819819273,"pit":[[0,[0.9942638620620248,0.005736137937975213]],[1,[0.9677666930434619,0.03223330695653818]]],"src":"27.36735#28.44898#28.89796#30.93878#Armed_Assault-Hostage_Taking_Barricade_Incident-Hijacking-Assassination-Hostage_Taking_Kidnapping_","tgt":"41.42857#42.5102#20.73469#22.77551#VAR"},"_27.36735#28.44898#28.89796#30.93878#VAR_41.42857#42.5102#20.73469#22.77551#VAR_DEL_4.mod":{"aut":[[0,[1,2]],[1,[3,4]],[2,[1,5]],[3,[0,4]],[4,[0,6]],[5,[4,7]],[6,[4,8]],[7,[4,4]],[8,[4,4]]],"delay":4,"gamma":0.01268020818730553,"pit":[[0,[0.9762340042556226,0.02376599574437744]],[1,[0.9729206958746023,0.027079304125397753]],[2,[0.966666666045785,0.033333333954215026]],[3,[0.9735234214216775,0.026476578578322568]],[4,[0.976000001490116,0.023999998509883987]],[5,[1.0,0.0]],[6,[1.0,0.0]],[7,[1.0,0.0]],[8,[0.9523809516713733,0.04761904832862672]]],"src":"27.36735#28.44898#28.89796#30.93878#VAR","tgt":"41.42857#42.5102#20.73469#22.77551#VAR"},"_30.61224#31.69388#73.79592#75.83673#VAR_41.42857#42.5102#20.73469#22.77551#VAR_DEL_4.mod":{"aut":[[0,[1,0]],[1,[1,0]]],"delay":4,"gamma":0.01221678066725207,"pit":[[0,[1.0,0.0]],[1,[0.97386759700974,0.02613240299025998]]],"src":"30.61224#31.69388#73.79592#75.83673#VAR","tgt":"41.42857#42.5102#20.73469#22.77551#VAR"},"_31.69388#32.77551#35.02041#37.06122#Armed_Assault-Hostage_Taking_Barricade_Incident-Hijacking-Assassination-Hostage_Taking_Kidnapping__41.42857#42.5102#20.73469#22.77551#VAR_DEL_7.mod":{"aut":[[0,[1,0]],[1,[1,0]]],"delay":7,"gamma":0.014887850116026335,"pit":[[0,[1.0,0.0]],[1,[0.9734826176287359,0.026517382371264126]]],"src":"31.69388#32.77551#35.02041#37.06122#Armed_Assault-Hostage_Taking_Barricade_Incident-Hijacking-Assassination-Hostage_Taking_Kidnapping_","tgt":"41.42857#42.5102#20.73469#22.77551#VAR"},"_31.69388#32.77551#35.02041#37.06122#VAR_41.42857#42.5102#20.73469#22.77551#VAR_DEL_3.mod":{"aut":[[0,[1,0]],[1,[2,0]],[2,[3,4]],[3,[5,0]],[4,[0,0]],[5,[6,0]],[6,[7,0]],[7,[8,0]],[8,[0,4]]],"delay":3,"gamma":0.06409565893822256,"pit":[[0,[0.9610778438763883,0.03892215612361173]],[1,[0.975609756097561,0.024390243902439025]],[2,[0.9957264956449055,0.004273504355094496]],[3,[0.9955156951507913,0.004484304849208744]],[4,[0.9473684218369032,0.0526315781630968]],[5,[0.9902912623890974,0.00970873761090261]],[6,[0.9846153846153847,0.015384615384615385]],[7,[0.9679144404549649,0.03208555954503507]],[8,[0.9333333303531011,0.06666666964689888]]],"src":"31.69388#32.77551#35.02041#37.06122#VAR","tgt":"41.42857#42.5102#20.73469#22.77551#VAR"},"_31.69388#32.77551#35.02041#37.06122#VAR_41.42857#42.5102#20.73469#22.77551#VAR_DEL_6.mod":{"aut":[[0,[0,1]],[1,[1,0]]],"delay":6,"gamma":0.03235548233635621,"pit":[[0,[0.9669087961424349,0.0330912038575651]],[1,[0.9931271478015277,0.006872852198472343]]],"src":"31.69388#32.77551#35.02041#37.06122#VAR","tgt":"41.42857#42.5102#20.73469#22.77551#VAR"},"_32.77551#33.85714#35.02041#37.06122#VAR_41.42857#42.5102#20.73469#22.77551#VAR_DEL_2.mod":{"aut":[[0,[0,1]],[1,[0,2]],[2,[0,2]]],"delay":2,"gamma":0.018291527073808433,"pit":[[0,[0.973214284999163,0.02678571500083699]],[1,[0.9734513272358253,0.02654867276417471]],[2,[1.0,0.0]]],"src":"32.77551#33.85714#35.02041#37.06122#VAR","tgt":"41.42857#42.5102#20.73469#22.77551#VAR"},"_32.77551#33.85714#35.02041#37.06122#VAR_41.42857#42.5102#20.73469#22.77551#VAR_DEL_3.mod":{"aut":[[0,[0,1]],[1,[0,0]]],"delay":3,"gamma":0.016723469261436974,"pit":[[0,[0.9734042540707804,0.026595745929219653]],[1,[1.0,0.0]]],"src":"32.77551#33.85714#35.02041#37.06122#VAR","tgt":"41.42857#42.5102#20.73469#22.77551#VAR"},