{"_1.40816#2.4898#45.22449#47.26531#Armed_Assault-Hostage_Taking_Barricade_Incident-Hijacking-Assassination-Hostage_Taking_Kidnapping__13.30612#14.38776#43.18367#45.22449#Bombing_Explosion-Facility_Infrastructure_Attack_DEL_4.mod":{"aut":[[0,[0,1]],[1,[-1,0]]],"delay":4,"gamma":0.22047293819196223,"pit":[[0,[0.9983416253146383,0.0016583746853616596]],[1,[0.0,1.0]]],"src":"1.40816#2.4898#45.22449#47.26531#Armed_Assault-Hostage_Taking_Barricade_Incident-Hijacking-Assassination-Hostage_Taking_Kidnapping_","tgt":"13.30612#14.38776#43.18367#45.22449#Bombing_Explosion-Facility_Infrastructure_Attack"},"_1.40816#2.4898#45.22449#47.26531#VAR_13.30612#14.38776#43.18367#45.22449#Bombing_Explosion-Facility_Infrastructure_Attack_DEL_0.mod":{"aut":[[0,[0,1]],[1,[2,3]],[2,[2,0]],[3,[2,0]]],"delay":0,"gamma":0.0737436892784713,"pit":[[0,[1.0,0.0]],[1,[0.9583333337989945,0.0416666662010054]],[2,[0.9982944855798986,0.0017055144201013263]],[3,[1.0,0.0]]],"src":"1.40816#2.4898#45.22449#47.26531#VAR","tgt":"13.30612#14.38776#43.18367#45.22449#Bombing_Explosion-Facility_Infrastructure_Attack"},"_13.30612#14.38776#43.18367#45.22449#Armed_Assault-Hostage_Taking_Barricade_Incident-Hijacking-Assassination-Hostage_Taking_Kidnapping__13.30612#14.38776#43.18367#45.22449#Bombing_Explosion-Facility_Infrastructure_Attack_DEL_9.mod":{"aut":[[0,[0,1]],[1,[-1,0]]],"delay":9,"gamma":0.21982907340093993,"pit":[[0,[0.9983471074133865,0.0016528925866134882]],[1,[0.0,1.0]]],"src":"13.30612#14.38776#43.18367#45.22449#Armed_Assault-Hostage_Taking_Barricade_Incident-Hijacking-Assassination-Hostage_Taking_Kidnapping_","tgt":"13.30612#14.38776#43.18367#45.22449#Bombing_Explosion-Facility_Infrastructure_Attack"},"_13.30612#14.38776#43.18367#45.22449#Bombing_Explosion-Facility_Infrastructure_Attack_13.30612#14.38776#43.18367#45.22449#Bombing_Explosion-Facility_Infrastructure_Attack_DEL_1.mod":{"aut":[[0,[0,1]],[1,[-1,0]]],"delay":1,"gamma":0.45137770852056924,"pit":[[0,[0.9989035087683557,0.00109649123164433]],[1,[0.0,1.0]]],"src":"13.30612#14.38776#43.18367#45.22449#Bombing_Explosion-Facility_Infrastructure_Attack","tgt":"13.30612#14.38776#43.18367#45.22449#Bombing_Explosion-Facility_Infrastructure_Attack"},"_13.30612#14.38776#43.18367#45.22449#VAR_13.30612#14.38776#43.18367#45.22449#Bombing_Explosion-Facility_Infrastructure_Attack_DEL_1.mod":{"aut":[[0,[0,1]],[1,[-1,0]]],"delay":1,"gamma":0.4514933343098926,"pit":[[0,[0.9989017023718882,0.0010982976281117365]],[1,[0.0,1.0]]],"src":"13.30612#14.38776#43.18367#45.22449#VAR","tgt":"13.30612#14.38776#43.18367#45.22449#Bombing_Explosion-Facility_Infrastructure_Attack"},"_13.30612#14.38776#43.18367#45.22449#VAR_13.30612#14.38776#43.18367#45.22449#Bombing_Explosion-Facility_Infrastructure_Attack_DEL_9.mod":{"aut":[[0,[0,1]],[1,[-1,0]]],"delay":9,"gamma":0.2199415869677831,"pit":[[0,[0.9983452840938587,0.0016547159061413219]],[1,[0.0,1.0]]],"src":"13.30612#14.38776#43.18367#45.22449#VAR","tgt":"13.30612#14.38776#43.18367#45.22449#Bombing_Explosion-Facility_Infrastructure_Attack"},"_14.38776#15.46939#43.18367#45.22449#Armed_Assault-Hostage_Taking_Barricade_Incident-Hijacking-Assassination-Hostage_Taking_Kidnapping__13.30612#14.38776#43.18367#45.22449#Bombing_Explosion-Facility_Infrastructure_Attack_DEL_2.mod":{"aut":[[0,[0,1]],[1,[-1,0]]],"delay":2,"gamma":0.2201947970768079,"pit":[[0,[0.9983480176557623,0.001651982344237734]],[1,[0.0,1.0]]],"src":"14.38776#15.46939#43.18367#45.22449#Armed_Assault-Hostage_Taking_Barricade_Incident-Hijacking-Assassination-Hostage_Taking_Kidnapping_","tgt":"13.30612#14.38776#43.18367#45.22449#Bombing_Explosion-Facility_Infrastructure_Attack"},"_25.20408#26.28571#49.30612#51.34694#Bombing_Explosion-Facility_Infrastructure_Attack_13.30612#14.38776#43.18367#45.22449#Bombing_Explosion-Facility_Infrastructure_Attack_DEL_0.mod":{"aut":[[0,[0,1]],[1,[-1,0]]],"delay":0,"gamma":0.2150540675482825,"pit":[[0,[0.9983212086817674,0.0016787913182326102]],[1,[0.0,1.0]]],"src":"25.20408#26.28571#49.30612#51.34694#Bombing_Explosion-Facility_Infrastructure_Attack","tgt":"13.30612#14.38776#43.18367#45.22449#Bombing_Explosion-Facility_Infrastructure_Attack"},"_25.20408#26.28571#49.30612#51.34694#Bombing_Explosion-Facility_Infrastructure_Attack_13.30612#14.38776#43.18367#45.22449#Bombing_Explosion-Facility_Infrastructure_Attack_DEL_5.mod":{"aut":[[0,[1,0]],[1,[2,0]],[2,[0,-1]]],"delay":5,"gamma":0.47479946416383345,"pit":[[0,[0.9983922829866482,0.0016077170133518828]],[1,[0.9983249580958731,0.0016750419041269796]],[2,[1.0,0.0]]],"src":"25.20408#26.28571#49.30612#51.34694#Bombing_Explosion-Facility_Infrastructure_Attack","tgt":"13.30612#14.38776#43.18367#45.22449#Bombing_Explosion-Facility_Infrastructure_Attack"},"_25.20408#26.28571#49.30612#51.34694#VAR_13.30612#14.38776#43.18367#45.22449#Bombing_Explosion-Facility_Infrastructure_Attack_DEL_5.mod":{"aut":[[0,[1,0]],[1,[2,0]],[2,[0,-1]]],"delay":5,"gamma":0.25954786691696563,"pit":[[0,[0.9983792544419559,0.0016207455580441264]],[1,[0.9966329967019835,0.0033670032980165094]],[2,[1.0,0.0]]],"src":"25.20408#26.28571#49.30612#51.34694#VAR","tgt":"13.30612#14.38776#43.18367#45.22449#Bombing_Explosion-Facility_Infrastructure_Attack"},"_27.36735#28.44898#28.89796#30.93878#Armed_Assault-Hostage_Taking_Barricade_Incident-Hijacking-Assassination-Hostage_Taking_Kidnapping__13.30612#14.38776#43.18367#45.22449#Bombing_Explosion-Facility_Infrastructure_Attack_DEL_8.mod":{"aut":[[0,[1,0]],[1,[1,0]]],"delay":8,"gamma":0.015241944257537554,"pit":[[0,[1.0,0.0]],[1,[0.9975414874492077,0.0024585125507923106]]],"src":"27.36735#28.44898#28.89796#30.93878#Armed_Assault-Hostage_Taking_Barricade_Incident-Hijacking-Assassination-Hostage_Taking_Kidnapping_","tgt":"13.30612#14.38776#43.18367#45.22449#Bombing_Explosion-Facility_Infrastructure_Attack"},"_31.69388#32.77551#35.02041#37.06122#VAR_13.30612#14.38776#43.18367#45.22449#Bombing_Explosion-Facility_Infrastructure_Attack_DEL_8.mod":{"aut":[[0,[1,0]],[1,[1,0]]],"delay":8,"gamma":0.014322164101501889,"pit":[[0,[1.0,0.0]],[1,[0.9975579976168448,0.00244200238315514]]],"src":"31.69388#32.77551#35.02041#37.06122#VAR","tgt":"13.30612#14.38776#43.18367#45.22449#Bombing_Explosion-Facility_Infrastructure_Attack"},"_32.77551#33.85714#35.02041#37.06122#VAR_13.30612#14.38776#43.18367#45.22449#Bombing_Explosion-Facility_Infrastructure_Attack_DEL_6.mod":{"aut":[[0,[1,0]],[1,[1,0]]],"delay":6,"gamma":0.022202574840642808,"pit":[[0,[1.0,0.0]],[1,[0.9974424551846102,0.0025575448153897797]]],"src":"32.77551#33.85714#35.02041#37.06122#VAR","tgt":"13.30612#14.38776#43.18367#45.22449#Bombing_Explosion-Facility_Infrastructure_Attack"},"_32.77551#33.85714#43.18367#45.22449#Armed_Assault-Hostage_Taking_Barricade_Incident-Hijacking-Assassination-Hostage_Taking_Kidnapping__13.30612#14.38776#43.18367#45.22449#Bombing_Explosion-Facility_Infrastructure_Attack_DEL_5.mod":{"aut":[[0,[0,1]],[1,[-1,0]]],"delay":5,"gamma":0.22000927381296587,"pit":[[0,[0.9983480176557623,0.001651982344237734]],[1,[0.0,1.0]]],"src":"32.77551#33.85714#43.18367#45.22449#Armed_Assault-Hostage_Taking_Barricade_Incident-Hijacking-Assassination-Hostage_Taking_Kidnapping_","tgt":"13.30612#14.38776#43.18367#45.22449#Bombing_Explosion-Facility_Infrastructure_Attack"},"_32.77551#33.85714#43.18367#45.22449#VAR_13.30612#14.38776#43.18367#45.22449#Bombing_Explosion-Facility_Infrastructure_Attack_DEL_5.mod":{"aut":[[0,[0,1]],[1,[-1,0]]],"delay":5,"gamma":0.2208693833770301,"pit":[[0,[0.9983342587451416,0.001665741254858412]],[1,[0.0,1.0]]],"src":"32.77551#33.85714#43.18367#45.22449#VAR","tgt":"13.30612#14.38776#43.18367#45.22449#Bombing_Explosion-Facility_Infrastructure_Attack"},"_32.77551#33.85714#73.79592#75.83673#Armed_Assault-Hostage_Taking_Barricade_Incident-Hijacking-Assassination-Hostage_Taking_Kidnapping__13.30612#14.38776#43.18367#45.22449#Bombing_Explosion-Facility_Infrastructure_Attack_DEL_4.mod":{"aut":[[0,[0,1]],[1,[-1,0]]],"delay":4,"gamma":0.22093437321080545,