{"_17.63265#18.71429#79.91837#81.95918#Bombing_Explosion-Facility_Infrastructure_Attack_17.63265#18.71429#79.91837#81.95918#Bombing_Explosion-Facility_Infrastructure_Attack_DEL_1.mod":{"aut":[[0,[0,1]],[1,[-1,0]]],"delay":1,"gamma":0.4556735646059177,"pit":[[0,[0.9994520547914587,0.0005479452085413345]],[1,[0.0,1.0]]],"src":"17.63265#18.71429#79.91837#81.95918#Bombing_Explosion-Facility_Infrastructure_Attack","tgt":"17.63265#18.71429#79.91837#81.95918#Bombing_Explosion-Facility_Infrastructure_Attack"},"_17.63265#18.71429#79.91837#81.95918#VAR_17.63265#18.71429#79.91837#81.95918#Bombing_Explosion-Facility_Infrastructure_Attack_DEL_1.mod":{"aut":[[0,[0,1]],[1,[-1,0]]],"delay":1,"gamma":0.4556735646059177,"pit":[[0,[0.9994520547914587,0.0005479452085413345]],[1,[0.0,1.0]]],"src":"17.63265#18.71429#79.91837#81.95918#VAR","tgt":"17.63265#18.71429#79.91837#81.95918#Bombing_Explosion-Facility_Infrastructure_Attack"},"_31.69388#32.77551#32.97959#35.02041#Bombing_Explosion-Facility_Infrastructure_Attack_17.63265#18.71429#79.91837#81.95918#Bombing_Explosion-Facility_Infrastructure_Attack_DEL_2.mod":{"aut":[[0,[0,1]],[1,[-1,0]]],"delay":2,"gamma":0.4559537926744438,"pit":[[0,[0.9994493392149976,0.0005506607850024779]],[1,[0.0,1.0]]],"src":"31.69388#32.77551#32.97959#35.02041#Bombing_Explosion-Facility_Infrastructure_Attack","tgt":"17.63265#18.71429#79.91837#81.95918#Bombing_Explosion-Facility_Infrastructure_Attack"},"_31.69388#32.77551#32.97959#35.02041#VAR_17.63265#18.71429#79.91837#81.95918#Bombing_Explosion-Facility_Infrastructure_Attack_DEL_2.mod":{"aut":[[0,[0,1]],[1,[-1,0]]],"delay":2,"gamma":0.45623500211137014,"pit":[[0,[0.999446902671222,0.0005530973287779364]],[1,[0.0,1.0]]],"src":"31.69388#32.77551#32.97959#35.02041#VAR","tgt":"17.63265#18.71429#79.91837#81.95918#Bombing_Explosion-Facility_Infrastructure_Attack"},"_32.77551#33.85714#35.02041#37.06122#Bombing_Explosion-Facility_Infrastructure_Attack_17.63265#18.71429#79.91837#81.95918#Bombing_Explosion-Facility_Infrastructure_Attack_DEL_0.mod":{"aut":[[0,[1,0]],[1,[2,0]],[2,[0,0]]],"delay":0,"gamma":0.06413808529144371,"pit":[[0,[1.0,0.0]],[1,[0.9982332155051272,0.0017667844948727422]],[2,[0.9981378026382939,0.0018621973617061343]]],"src":"32.77551#33.85714#35.02041#37.06122#Bombing_Explosion-Facility_Infrastructure_Attack","tgt":"17.63265#18.71429#79.91837#81.95918#Bombing_Explosion-Facility_Infrastructure_Attack"},"_32.77551#33.85714#43.18367#45.22449#Bombing_Explosion-Facility_Infrastructure_Attack_17.63265#18.71429#79.91837#81.95918#Bombing_Explosion-Facility_Infrastructure_Attack_DEL_4.mod":{"aut":[[0,[0,1]],[1,[-1,0]]],"delay":4,"gamma":0.4561496428344898,"pit":[[0,[0.999446902671222,0.0005530973287779364]],[1,[0.0,1.0]]],"src":"32.77551#33.85714#43.18367#45.22449#Bombing_Explosion-Facility_Infrastructure_Attack","tgt":"17.63265#18.71429#79.91837#81.95918#Bombing_Explosion-Facility_Infrastructure_Attack"},"_32.77551#33.85714#43.18367#45.22449#VAR_17.63265#18.71429#79.91837#81.95918#Bombing_Explosion-Facility_Infrastructure_Attack_DEL_4.mod":{"aut":[[0,[0,1]],[1,[-1,0]]],"delay":4,"gamma":0.4563593740623759,"pit":[[0,[0.9994450610356943,0.0005549389643056604]],[1,[0.0,1.0]]],"src":"32.77551#33.85714#43.18367#45.22449#VAR","tgt":"17.63265#18.71429#79.91837#81.95918#Bombing_Explosion-Facility_Infrastructure_Attack"},"_33.85714#34.93878#67.67347#69.71429#Bombing_Explosion-Facility_Infrastructure_Attack_17.63265#18.71429#79.91837#81.95918#Bombing_Explosion-Facility_Infrastructure_Attack_DEL_6.mod":{"aut":[[0,[0,1]],[1,[-1,0]]],"delay":6,"gamma":0.4137692355443049,"pit":[[0,[0.999400119971256,0.0005998800287439966]],[1,[0.0,1.0]]],"src":"33.85714#34.93878#67.67347#69.71429#Bombing_Explosion-Facility_Infrastructure_Attack","tgt":"17.63265#18.71429#79.91837#81.95918#Bombing_Explosion-Facility_Infrastructure_Attack"},"_33.85714#34.93878#67.67347#69.71429#VAR_17.63265#18.71429#79.91837#81.95918#Bombing_Explosion-Facility_Infrastructure_Attack_DEL_6.mod":{"aut":[[0,[0,1]],[1,[-1,0]]],"delay":6,"gamma":0.42418133315429996,"pit":[[0,[0.9994107248051928,0.000589275194807269]],[1,[0.0,1.0]]],"src":"33.85714#34.93878#67.67347#69.71429#VAR","tgt":"17.63265#18.71429#79.91837#81.95918#Bombing_Explosion-Facility_Infrastructure_Attack"},"_33.85714#34.93878#73.79592#75.83673#VAR_17.63265#18.71429#79.91837#81.95918#Bombing_Explosion-Facility_Infrastructure_Attack_DEL_3.mod":{"aut":[[0,[0,1]],[1,[-1,0]]],"delay":3,"gamma":1.0,"pit":[[0,[1.0,0.0]],[1,[0.0,1.0]]],"src":"33.85714#34.93878#73.79592#75.83673#VAR","tgt":"17.63265#18.71429#79.91837#81.95918#Bombing_Explosion-Facility_Infrastructure_Attack"},"_33.85714#34.93878#73.79592#75.83673#VAR_17.63265#18.71429#79.91837#81.95918#Bombing_Explosion-Facility_Infrastructure_Attack_DEL_8.mod":{"aut":[[0,[0,1]],[1,[-1,0]]],"delay":8,"gamma":1.0,"pit":[[0,[1.0,0.0]],[1,[0.0,1.0]]],"src":"33.85714#34.93878#73.79592#75.83673#VAR","tgt":"17.63265#18.71429#79.91837#81.95918#Bombing_Explosion-Facility_Infrastructure_Attack"},"_36.02041#37.10204#4.40816#6.44898#VAR_17.63265#18.71429#79.91837#81.95918#Bombing_Explosion-Facility_Infrastructure_Attack_DEL_7.mod":{"aut":[[0,[0,1]],[1,[-1,0]]],"delay":7,"gamma":0.4565512677135869,"pit":[[0,[0.9994422755325166,0.0005577244674833684]],[1,[0.0,1.0]]],"src":"36.02041#37.10204#4.40816#6.44898#VAR","tgt":"17.63265#18.71429#79.91837#81.95918#Bombing_Explosion-Facility_Infrastructure_Attack"},"_42.5102#43.59184#43.18367#45.22449#Bombing_Explosion-Facility_Infrastructure_Attack_17.63265#18.71429#79.91837#81.95918#Bombing_Explosion-Facility_Infrastructure_Attack_DEL_3.mod":{"aut":[[0,[0,1]],[1,[-1,0]]],"delay":3,"gamma":0.4559840242721733,"pit":[[0,[0.9994487320898574,0.000551267910142642]],[1,[0.0,1.0]]],"src":"42.5102#43.59184#43.18367#45.22449#Bombing_Explosion-Facility_Infrastructure_Attack","tgt":"17.63265#18.71429#79.91837#81.95918#Bombing_Explosion-Facility_Infrastructure_Attack"}}
