{"_12.22449#13.30612#43.18367#45.22449#Bombing_Explosion-Facility_Infrastructure_Attack_4.65306#5.73469#6.44898#8.4898#VAR_DEL_6.mod":{"aut":[[0,[0,1]],[1,[-1,0]]],"delay":6,"gamma":0.21989425459752554,"pit":[[0,[0.9983489268166451,0.0016510731833548702]],[1,[0.0,1.0]]],"src":"12.22449#13.30612#43.18367#45.22449#Bombing_Explosion-Facility_Infrastructure_Attack","tgt":"4.65306#5.73469#6.44898#8.4898#VAR"},"_12.22449#13.30612#43.18367#45.22449#VAR_4.65306#5.73469#6.44898#8.4898#VAR_DEL_6.mod":{"aut":[[0,[0,1]],[1,[-1,0]]],"delay":6,"gamma":0.22000799072669674,"pit":[[0,[0.9983471074133865,0.0016528925866134882]],[1,[0.0,1.0]]],"src":"12.22449#13.30612#43.18367#45.22449#VAR","tgt":"4.65306#5.73469#6.44898#8.4898#VAR"},"_31.69388#32.77551#35.02041#37.06122#Bombing_Explosion-Facility_Infrastructure_Attack_4.65306#5.73469#6.44898#8.4898#VAR_DEL_8.mod":{"aut":[[0,[0,1]],[1,[-1,0]]],"delay":8,"gamma":0.5632569831685224,"pit":[[0,[0.9991386735685086,0.0008613264314913734]],[1,[0.0,1.0]]],"src":"31.69388#32.77551#35.02041#37.06122#Bombing_Explosion-Facility_Infrastructure_Attack","tgt":"4.65306#5.73469#6.44898#8.4898#VAR"},"_36.02041#37.10204#2.36735#4.40816#Armed_Assault-Hostage_Taking_Barricade_Incident-Hijacking-Assassination-Hostage_Taking_Kidnapping__4.65306#5.73469#6.44898#8.4898#VAR_DEL_1.mod":{"aut":[[0,[1,0]],[1,[1,0]]],"delay":1,"gamma":0.028676655109517113,"pit":[[0,[1.0,0.0]],[1,[0.9973136332888992,0.00268636671110082]]],"src":"36.02041#37.10204#2.36735#4.40816#Armed_Assault-Hostage_Taking_Barricade_Incident-Hijacking-Assassination-Hostage_Taking_Kidnapping_","tgt":"4.65306#5.73469#6.44898#8.4898#VAR"},"_36.02041#37.10204#2.36735#4.40816#Bombing_Explosion-Facility_Infrastructure_Attack_4.65306#5.73469#6.44898#8.4898#VAR_DEL_2.mod":{"aut":[[0,[1,0]],[1,[1,0]]],"delay":2,"gamma":0.03641288443586399,"pit":[[0,[1.0,0.0]],[1,[0.9971570717885709,0.002842928211429099]]],"src":"36.02041#37.10204#2.36735#4.40816#Bombing_Explosion-Facility_Infrastructure_Attack","tgt":"4.65306#5.73469#6.44898#8.4898#VAR"},"_36.02041#37.10204#4.40816#6.44898#VAR_4.65306#5.73469#6.44898#8.4898#VAR_DEL_5.mod":{"aut":[[0,[1,0]],[1,[2,0]],[2,[0,-1]]],"delay":5,"gamma":0.5278298729895827,"pit":[[0,[1.0,0.0]],[1,[0.9966386554304886,0.0033613445695113986]],[2,[1.0,0.0]]],"src":"36.02041#37.10204#4.40816#6.44898#VAR","tgt":"4.65306#5.73469#6.44898#8.4898#VAR"},"_36.02041#37.10204#4.40816#6.44898#VAR_4.65306#5.73469#6.44898#8.4898#VAR_DEL_8.mod":{"aut":[[0,[0,1]],[1,[-1,0]]],"delay":8,"gamma":0.22119273301721587,"pit":[[0,[0.9983258928098492,0.0016741071901508649]],[1,[0.0,1.0]]],"src":"36.02041#37.10204#4.40816#6.44898#VAR","tgt":"4.65306#5.73469#6.44898#8.4898#VAR"},"_4.65306#5.73469#4.40816#6.44898#VAR_4.65306#5.73469#6.44898#8.4898#VAR_DEL_9.mod":{"aut":[[0,[0,1]],[1,[-1,0]]],"delay":9,"gamma":0.2199978577006586,"pit":[[0,[0.9983443708474353,0.0016556291525646897]],[1,[0.0,1.0]]],"src":"4.65306#5.73469#4.40816#6.44898#VAR","tgt":"4.65306#5.73469#6.44898#8.4898#VAR"},"_4.65306#5.73469#6.44898#8.4898#VAR_4.65306#5.73469#6.44898#8.4898#VAR_DEL_1.mod":{"aut":[[0,[0,1]],[1,[-1,0]]],"delay":1,"gamma":0.45137770852056924,"pit":[[0,[0.9989035087683557,0.00109649123164433]],[1,[0.0,1.0]]],"src":"4.65306#5.73469#6.44898#8.4898#VAR","tgt":"4.65306#5.73469#6.44898#8.4898#VAR"},"_42.5102#43.59184#-3.7551#-1.71429#Bombing_Explosion-Facility_Infrastructure_Attack_4.65306#5.73469#6.44898#8.4898#VAR_DEL_3.mod":{"aut":[[0,[1,0]],[1,[1,0]]],"delay":3,"gamma":0.011136359562829878,"pit":[[0,[1.0,0.0]],[1,[0.9976247031077955,0.0023752968922045067]]],"src":"42.5102#43.59184#-3.7551#-1.71429#Bombing_Explosion-Facility_Infrastructure_Attack","tgt":"4.65306#5.73469#6.44898#8.4898#VAR"},"_42.5102#43.59184#-3.7551#-1.71429#VAR_4.65306#5.73469#6.44898#8.4898#VAR_DEL_3.mod":{"aut":[[0,[1,0]],[1,[1,0]]],"delay":3,"gamma":0.015082863694505289,"pit":[[0,[1.0,0.0]],[1,[0.9975565058749827,0.002443494125017326]]],"src":"42.5102#43.59184#-3.7551#-1.71429#VAR","tgt":"4.65306#5.73469#6.44898#8.4898#VAR"},"_42.5102#43.59184#20.73469#22.77551#VAR_4.65306#5.73469#6.44898#8.4898#VAR_DEL_1.mod":{"aut":[[0,[0,1]],[1,[2,3]],[2,[4,0]],[3,[2,5]],[4,[0,0]],[5,[6,0]],[6,[7,-1]],[7,[0,0]]],"delay":1,"gamma":0.7655892770781914,"pit":[[0,[1.0,0.0]],[1,[1.0,0.0]],[2,[1.0,0.0]],[3,[1.0,0.0]],[4,[1.0,0.0]],[5,[0.9285714280392443,0.07142857196075574]],[6,[1.0,0.0]],[7,[0.8571428614003315,0.14285713859966856]]],"src":"42.5102#43.59184#20.73469#22.77551#VAR","tgt":"4.65306#5.73469#6.44898#8.4898#VAR"},"_42.5102#43.59184#43.18367#45.22449#Armed_Assault-Hostage_Taking_Barricade_Incident-Hijacking-Assassination-Hostage_Taking_Kidnapping__4.65306#5.73469#6.44898#8.4898#VAR_DEL_8.mod":{"aut":[[0,[0,1]],[1,[-1,0]]],"delay":8,"gamma":0.22005585431244257,"pit":[[0,[0.9983443708474353,0.0016556291525646897]],[1,[0.0,1.0]]],"src":"42.5102#43.59184#43.18367#45.22449#Armed_Assault-Hostage_Taking_Barricade_Incident-Hijacking-Assassination-Hostage_Taking_Kidnapping_","tgt":"4.65306#5.73469#6.44898#8.4898#VAR"},"_42.5102#43.59184#43.18367#45.22449#Bombing_Explosion-Facility_Infrastructure_Attack_4.65306#5.73469#6.44898#8.4898#VAR_DEL_0.mod":{"aut":[[0,[0,1]],[1,[-1,0]]],"delay":0,"gamma":0.2198907198033757,"pit":[[0,[0.9983480176557623,0.001651982344237734]],[1,[0.0,1.0]]],"src":"42.5102#43.59184#43.18367#45.22449#Bombing_Explosion-Facility_Infrastructure_Attack","tgt":"4.65306#5.73469#6.44898#8.4898#VAR"},"_42.5102#43.59184#43.18367#45.22449#VAR_4.65306#5.73469#6.44898#8.4898#VAR_DEL_8.mod":{"aut":[[0,[0,1]],[1,[-1,0]]],"delay":8,"gamma":0.4855049967147278,"pit":[[0,[0.9989604989491236,0.0010395010508763413]],[1,[0.0,1.0]]],"src":"42.5102#43.59184#43.18367#45.22449#VAR","tgt":"4.65306#5.73469#6.44898#8.4898#VAR"},"_42.5102#43.59184#45.22449#47.26531#Bombing_Explosion-Facility_Infrastructure_Attack_4.65306#5.73469#6.44898#8.4898#VAR_DEL_8.mod":{"aut":[[0,[0,1]],[1,[-1,0]]],"delay":8,"gamma":0.45225676113034086,"pit":[[0,[0.9988845510028326,0.0011154489971674474]],[1,[0.0,1.0]]],"src":"42.5102#43.59184#45.22449#47.26531#Bombing_Explosion-Facility_Infrastructure_Attack","tgt":"4.65306#5.73469#6.44898#8.4898#VAR"},"_42.5102#43.59184#45.22449#47.26531#VAR_4.65306#5.73469#6.44898#8.4898#VAR_DEL_5.mod":{"aut":[[0,[1,0]],[1,[1,0]]],"delay":5,"gamma":0.011653814627321513,"pit":[[0,[1.0,0.0]],[1,[0.9976317346883996,0.002368265311600384]]],"src":"42.5102#43.59184#45.22449#47.26531#VAR","tgt":"4.65306#5.73469#6.44898#8.4898#VAR"},"_42.5102#43.59184#47.26531#49.30612#VAR_4.65306#5.73469#6.44898#8.4898#VAR_DEL_1.mod":{"aut":[[0,[1,0]],[1,[2,0]],[2,[0,-1]]],"delay":1,"gamma":0.2658717794431815,"pit":[[0,[0.9983792544419559,0.0016207455580441264]],[1,[0.9966942148494788,0.003305785150521181]],[2,[1.0,0.0]]],"src":"42.5102#43.59184#47.26531#49.30612#VAR","tgt":"4.65306#5.73469#6.44898#8.4898#VAR"},"_42.5102#43.59184#47.26531#49.30612#VAR_4.65306#5.73469#6.44898#8.4898#VAR_DEL_4.mod":{"aut":[[0,[0,1]],[1,[-1,0]]],"delay":4,"gamma":0.22047293819196223,"pit":[[0,[0.9983416253146383,0.0016583746853616596]],[1,[0.0,1.0]]],"src":"42.5102#43.59184#47.26531#49.30612#VAR","tgt":"4.65306#5.73469#6.44898#8.4898#VAR"}}
