{"_-2.91837#-1.83673#28.89796#30.93878#VAR_28.44898#29.53061#67.67347#69.71429#Bombing_Explosion-Facility_Infrastructure_Attack_DEL_5.mod":{"aut":[[0,[1,0]],[1,[2,0]],[2,[0,0]]],"delay":5,"gamma":0.057404590207510875,"pit":[[0,[1.0,0.0]],[1,[0.9983050847617452,0.0016949152382548455]],[2,[0.9982363315647372,0.0017636684352627299]]],"src":"-2.91837#-1.83673#28.89796#30.93878#VAR","tgt":"28.44898#29.53061#67.67347#69.71429#Bombing_Explosion-Facility_Infrastructure_Attack"},"_25.20408#26.28571#49.30612#51.34694#VAR_28.44898#29.53061#67.67347#69.71429#Bombing_Explosion-Facility_Infrastructure_Attack_DEL_1.mod":{"aut":[[0,[0,1]],[1,[-1,0]]],"delay":1,"gamma":0.45263024638965477,"pit":[[0,[0.9994388327743873,0.0005611672256127269]],[1,[0.0,1.0]]],"src":"25.20408#26.28571#49.30612#51.34694#VAR","tgt":"28.44898#29.53061#67.67347#69.71429#Bombing_Explosion-Facility_Infrastructure_Attack"},"_28.44898#29.53061#67.67347#69.71429#Bombing_Explosion-Facility_Infrastructure_Attack_28.44898#29.53061#67.67347#69.71429#Bombing_Explosion-Facility_Infrastructure_Attack_DEL_1.mod":{"aut":[[0,[0,1]],[1,[-1,0]]],"delay":1,"gamma":0.4556735646059177,"pit":[[0,[0.9994520547914587,0.0005479452085413345]],[1,[0.0,1.0]]],"src":"28.44898#29.53061#67.67347#69.71429#Bombing_Explosion-Facility_Infrastructure_Attack","tgt":"28.44898#29.53061#67.67347#69.71429#Bombing_Explosion-Facility_Infrastructure_Attack"},"_28.44898#29.53061#67.67347#69.71429#VAR_28.44898#29.53061#67.67347#69.71429#Bombing_Explosion-Facility_Infrastructure_Attack_DEL_1.mod":{"aut":[[0,[0,1]],[1,[-1,0]]],"delay":1,"gamma":0.45574373841911464,"pit":[[0,[0.9994514536582423,0.0005485463417577092]],[1,[0.0,1.0]]],"src":"28.44898#29.53061#67.67347#69.71429#VAR","tgt":"28.44898#29.53061#67.67347#69.71429#Bombing_Explosion-Facility_Infrastructure_Attack"},"_32.77551#33.85714#73.79592#75.83673#Bombing_Explosion-Facility_Infrastructure_Attack_28.44898#29.53061#67.67347#69.71429#Bombing_Explosion-Facility_Infrastructure_Attack_DEL_4.mod":{"aut":[[0,[0,1]],[1,[-1,0]]],"delay":4,"gamma":0.41994711793357864,"pit":[[0,[0.9994008388112753,0.000599161188724719]],[1,[0.0,1.0]]],"src":"32.77551#33.85714#73.79592#75.83673#Bombing_Explosion-Facility_Infrastructure_Attack","tgt":"28.44898#29.53061#67.67347#69.71429#Bombing_Explosion-Facility_Infrastructure_Attack"},"_33.85714#34.93878#43.18367#45.22449#Armed_Assault-Hostage_Taking_Barricade_Incident-Hijacking-Assassination-Hostage_Taking_Kidnapping__28.44898#29.53061#67.67347#69.71429#Bombing_Explosion-Facility_Infrastructure_Attack_DEL_6.mod":{"aut":[[0,[0,1]],[1,[-1,0]]],"delay":6,"gamma":0.45565930055067894,"pit":[[0,[0.9994505494660608,0.0005494505339391684]],[1,[0.0,1.0]]],"src":"33.85714#34.93878#43.18367#45.22449#Armed_Assault-Hostage_Taking_Barricade_Incident-Hijacking-Assassination-Hostage_Taking_Kidnapping_","tgt":"28.44898#29.53061#67.67347#69.71429#Bombing_Explosion-Facility_Infrastructure_Attack"},"_33.85714#34.93878#43.18367#45.22449#VAR_28.44898#29.53061#67.67347#69.71429#Bombing_Explosion-Facility_Infrastructure_Attack_DEL_6.mod":{"aut":[[0,[0,1]],[1,[-1,0]]],"delay":6,"gamma":0.45583127535368784,"pit":[[0,[0.9994490358142757,0.000550964185724307]],[1,[0.0,1.0]]],"src":"33.85714#34.93878#43.18367#45.22449#VAR","tgt":"28.44898#29.53061#67.67347#69.71429#Bombing_Explosion-Facility_Infrastructure_Attack"},"_33.85714#34.93878#73.79592#75.83673#Armed_Assault-Hostage_Taking_Barricade_Incident-Hijacking-Assassination-Hostage_Taking_Kidnapping__28.44898#29.53061#67.67347#69.71429#Bombing_Explosion-Facility_Infrastructure_Attack_DEL_5.mod":{"aut":[[0,[0,1]],[1,[-1,0]]],"delay":5,"gamma":0.2873030017094341,"pit":[[0,[0.9992360580736391,0.0007639419263608709]],[1,[0.0,1.0]]],"src":"33.85714#34.93878#73.79592#75.83673#Armed_Assault-Hostage_Taking_Barricade_Incident-Hijacking-Assassination-Hostage_Taking_Kidnapping_","tgt":"28.44898#29.53061#67.67347#69.71429#Bombing_Explosion-Facility_Infrastructure_Attack"},"_36.02041#37.10204#2.36735#4.40816#Bombing_Explosion-Facility_Infrastructure_Attack_28.44898#29.53061#67.67347#69.71429#Bombing_Explosion-Facility_Infrastructure_Attack_DEL_3.mod":{"aut":[[0,[1,2]],[1,[0,1]],[2,[0,1]]],"delay":3,"gamma":0.1558496411911382,"pit":[[0,[0.9986684420384769,0.0013315579615230792]],[1,[1.0,0.0]],[2,[0.9894736839360313,0.010526316063968755]]],"src":"36.02041#37.10204#2.36735#4.40816#Bombing_Explosion-Facility_Infrastructure_Attack","tgt":"28.44898#29.53061#67.67347#69.71429#Bombing_Explosion-Facility_Infrastructure_Attack"},"_6.81633#7.89796#79.91837#81.95918#Armed_Assault-Hostage_Taking_Barricade_Incident-Hijacking-Assassination-Hostage_Taking_Kidnapping__28.44898#29.53061#67.67347#69.71429#Bombing_Explosion-Facility_Infrastructure_Attack_DEL_2.mod":{"aut":[[0,[0,1]],[1,[-1,0]]],"delay":2,"gamma":0.446209175485237,"pit":[[0,[0.9994256174725965,0.000574382527403444]],[1,[0.0,1.0]]],"src":"6.81633#7.89796#79.91837#81.95918#Armed_Assault-Hostage_Taking_Barricade_Incident-Hijacking-Assassination-Hostage_Taking_Kidnapping_","tgt":"28.44898#29.53061#67.67347#69.71429#Bombing_Explosion-Facility_Infrastructure_Attack"},"_7.89796#8.97959#79.91837#81.95918#Armed_Assault-Hostage_Taking_Barricade_Incident-Hijacking-Assassination-Hostage_Taking_Kidnapping__28.44898#29.53061#67.67347#69.71429#Bombing_Explosion-Facility_Infrastructure_Attack_DEL_5.mod":{"aut":[[0,[0,1]],[1,[-1,0]]],"delay":5,"gamma":0.4357478386208574,"pit":[[0,[0.9994138335194758,0.0005861664805241951]],[1,[0.0,1.0]]],"src":"7.89796#8.97959#79.91837#81.95918#Armed_Assault-Hostage_Taking_Barricade_Incident-Hijacking-Assassination-Hostage_Taking_Kidnapping_","tgt":"28.44898#29.53061#67.67347#69.71429#Bombing_Explosion-Facility_Infrastructure_Attack"}}
