{"_24.12245#25.20408#65.63265#67.67347#Armed_Assault-Hostage_Taking_Barricade_Incident-Hijacking-Assassination-Hostage_Taking_Kidnapping__29.53061#30.61224#65.63265#67.67347#Bombing_Explosion-Facility_Infrastructure_Attack_DEL_7.mod":{"aut":[[0,[1,0]],[1,[1,0]]],"delay":7,"gamma":0.026509369690856488,"pit":[[0,[1.0,0.0]],[1,[0.9973333334003885,0.0026666665996114424]]],"src":"24.12245#25.20408#65.63265#67.67347#Armed_Assault-Hostage_Taking_Barricade_Incident-Hijacking-Assassination-Hostage_Taking_Kidnapping_","tgt":"29.53061#30.61224#65.63265#67.67347#Bombing_Explosion-Facility_Infrastructure_Attack"},"_24.12245#25.20408#65.63265#67.67347#VAR_29.53061#30.61224#65.63265#67.67347#Bombing_Explosion-Facility_Infrastructure_Attack_DEL_7.mod":{"aut":[[0,[1,0]],[1,[2,0]],[2,[0,0]]],"delay":7,"gamma":0.08184259640307989,"pit":[[0,[1.0,0.0]],[1,[0.9961685823576375,0.003831417642362502]],[2,[0.9959016393480792,0.004098360651920809]]],"src":"24.12245#25.20408#65.63265#67.67347#VAR","tgt":"29.53061#30.61224#65.63265#67.67347#Bombing_Explosion-Facility_Infrastructure_Attack"},"_27.36735#28.44898#67.67347#69.71429#Bombing_Explosion-Facility_Infrastructure_Attack_29.53061#30.61224#65.63265#67.67347#Bombing_Explosion-Facility_Infrastructure_Attack_DEL_1.mod":{"aut":[[0,[0,1]],[1,[-1,0]]],"delay":1,"gamma":0.21990680664638562,"pit":[[0,[0.9983534578155495,0.0016465421844504865]],[1,[0.0,1.0]]],"src":"27.36735#28.44898#67.67347#69.71429#Bombing_Explosion-Facility_Infrastructure_Attack","tgt":"29.53061#30.61224#65.63265#67.67347#Bombing_Explosion-Facility_Infrastructure_Attack"},"_27.36735#28.44898#67.67347#69.71429#VAR_29.53061#30.61224#65.63265#67.67347#Bombing_Explosion-Facility_Infrastructure_Attack_DEL_1.mod":{"aut":[[0,[0,1]],[1,[-1,0]]],"delay":1,"gamma":0.2201963867057518,"pit":[[0,[0.9983489268166451,0.0016510731833548702]],[1,[0.0,1.0]]],"src":"27.36735#28.44898#67.67347#69.71429#VAR","tgt":"29.53061#30.61224#65.63265#67.67347#Bombing_Explosion-Facility_Infrastructure_Attack"},"_29.53061#30.61224#65.63265#67.67347#Bombing_Explosion-Facility_Infrastructure_Attack_29.53061#30.61224#65.63265#67.67347#Bombing_Explosion-Facility_Infrastructure_Attack_DEL_1.mod":{"aut":[[0,[0,1]],[1,[-1,0]]],"delay":1,"gamma":0.45137770852056924,"pit":[[0,[0.9989035087683557,0.00109649123164433]],[1,[0.0,1.0]]],"src":"29.53061#30.61224#65.63265#67.67347#Bombing_Explosion-Facility_Infrastructure_Attack","tgt":"29.53061#30.61224#65.63265#67.67347#Bombing_Explosion-Facility_Infrastructure_Attack"},"_29.53061#30.61224#65.63265#67.67347#VAR_29.53061#30.61224#65.63265#67.67347#Bombing_Explosion-Facility_Infrastructure_Attack_DEL_1.mod":{"aut":[[0,[0,1]],[1,[-1,0]]],"delay":1,"gamma":1.0,"pit":[[0,[1.0,0.0]],[1,[0.0,1.0]]],"src":"29.53061#30.61224#65.63265#67.67347#VAR","tgt":"29.53061#30.61224#65.63265#67.67347#Bombing_Explosion-Facility_Infrastructure_Attack"},"_31.69388#32.77551#32.97959#35.02041#Bombing_Explosion-Facility_Infrastructure_Attack_29.53061#30.61224#65.63265#67.67347#Bombing_Explosion-Facility_Infrastructure_Attack_DEL_1.mod":{"aut":[[0,[0,1]],[1,[-1,0]]],"delay":1,"gamma":0.2201963867057518,"pit":[[0,[0.9983489268166451,0.0016510731833548702]],[1,[0.0,1.0]]],"src":"31.69388#32.77551#32.97959#35.02041#Bombing_Explosion-Facility_Infrastructure_Attack","tgt":"29.53061#30.61224#65.63265#67.67347#Bombing_Explosion-Facility_Infrastructure_Attack"},"_31.69388#32.77551#32.97959#35.02041#VAR_29.53061#30.61224#65.63265#67.67347#Bombing_Explosion-Facility_Infrastructure_Attack_DEL_1.mod":{"aut":[[0,[0,1]],[1,[-1,0]]],"delay":1,"gamma":0.22066145678940607,"pit":[[0,[0.9983416253146383,0.0016583746853616596]],[1,[0.0,1.0]]],"src":"31.69388#32.77551#32.97959#35.02041#VAR","tgt":"29.53061#30.61224#65.63265#67.67347#Bombing_Explosion-Facility_Infrastructure_Attack"},"_32.77551#33.85714#71.7551#73.79592#Bombing_Explosion-Facility_Infrastructure_Attack_29.53061#30.61224#65.63265#67.67347#Bombing_Explosion-Facility_Infrastructure_Attack_DEL_1.mod":{"aut":[[0,[0,1]],[1,[-1,0]]],"delay":1,"gamma":0.22031243652367094,"pit":[[0,[0.9983471074133865,0.0016528925866134882]],[1,[0.0,1.0]]],"src":"32.77551#33.85714#71.7551#73.79592#Bombing_Explosion-Facility_Infrastructure_Attack","tgt":"29.53061#30.61224#65.63265#67.67347#Bombing_Explosion-Facility_Infrastructure_Attack"},"_32.77551#33.85714#71.7551#73.79592#VAR_29.53061#30.61224#65.63265#67.67347#Bombing_Explosion-Facility_Infrastructure_Attack_DEL_1.mod":{"aut":[[0,[0,1]],[1,[-1,0]]],"delay":1,"gamma":0.22066145678940607,"pit":[[0,[0.9983416253146383,0.0016583746853616596]],[1,[0.0,1.0]]],"src":"32.77551#33.85714#71.7551#73.79592#VAR","tgt":"29.53061#30.61224#65.63265#67.67347#Bombing_Explosion-Facility_Infrastructure_Attack"},"_32.77551#33.85714#73.79592#75.83673#Bombing_Explosion-Facility_Infrastructure_Attack_29.53061#30.61224#65.63265#67.67347#Bombing_Explosion-Facility_Infrastructure_Attack_DEL_1.mod":{"aut":[[0,[0,1]],[1,[-1,0]]],"delay":1,"gamma":0.16864663426978088,"pit":[[0,[0.9982025165469628,0.0017974834530371613]],[1,[0.0,1.0]]],"src":"32.77551#33.85714#73.79592#75.83673#Bombing_Explosion-Facility_Infrastructure_Attack","tgt":"29.53061#30.61224#65.63265#67.67347#Bombing_Explosion-Facility_Infrastructure_Attack"},"_33.85714#34.93878#73.79592#75.83673#Armed_Assault-Hostage_Taking_Barricade_Incident-Hijacking-Assassination-Hostage_Taking_Kidnapping__29.53061#30.61224#65.63265#67.67347#Bombing_Explosion-Facility_Infrastructure_Attack_DEL_5.mod":{"aut":[[0,[1,0]],[1,[2,0]],[2,[0,-1]]],"delay":5,"gamma":0.25439449831878613,"pit":[[0,[0.9968404424075908,0.0031595575924091785]],[1,[0.9983050847617452,0.0016949152382548455]],[2,[1.0,0.0]]],"src":"33.85714#34.93878#73.79592#75.83673#Armed_Assault-Hostage_Taking_Barricade_Incident-Hijacking-Assassination-Hostage_Taking_Kidnapping_","tgt":"29.53061#30.61224#65.63265#67.67347#Bombing_Explosion-Facility_Infrastructure_Attack"},"_33.85714#34.93878#73.79592#75.83673#Bombing_Explosion-Facility_Infrastructure_Attack_29.53061#30.61224#65.63265#67.67347#Bombing_Explosion-Facility_Infrastructure_Attack_DEL_1.mod":{"aut":[[0,[0,1]],[1,[-1,0]]],"delay":1,"gamma":1.0,"pit":[[0,[1.0,0.0]],[1,[0.0,1.0]]],"src":"33.85714#34.93878#73.79592#75.83673#Bombing_Explosion-Facility_Infrastructure_Attack","tgt":"29.53061#30.61224#65.63265#67.67347#Bombing_Explosion-Facility_Infrastructure_Attack"},"_33.85714#34.93878#73.79592#75.83673#Bombing_Explosion-Facility_Infrastructure_Attack_29.53061#30.61224#65.63265#67.67347#Bombing_Explosion-Facility_Infrastructure_Attack_DEL_4.mod":{"aut":[[0,[1,0]],[1,[1,0]]],"delay":4,"gamma":0.012590958502201377,"pit":[[0,[1.0,0.0]],[1,[0.9975975976289213,0.0024024023710786414]]],"src":"33.85714#34.93878#73.79592#75.83673#Bombing_Explosion-Facility_Infrastructure_Attack","tgt":"29.53061#30.61224#65.63265#67.67347#Bombing_Explosion-Facility_Infrastructure_Attack"},"_33.85714#34.93878#73.79592#75.83673#Bombing_Explosion-Facility_Infrastructure_Attack_29.53061#30.61224#65.63265#67.67347#Bombing_Explosion-Facility_Infrastructure_Attack_DEL_7.mod":{"aut":[[0,[0,1]],[1,[-1,0]]],"delay":7,"gamma":1.0,"pit":[[0,[1.0,0.0]],[1,[0.0,1.0]]],"src":"33.85714#34.93878#73.79592#75.83673#Bombing_Explosion-Facility_Infrastructure_Attack","tgt":"29.53061#30.61224#65.63265#67.67347#Bombing_Explosion-Facility_Infrastructure_Attack"},"_33.85714#34.93878#73.79592#75.83673#VAR_29.53061#30.61224#65.63265#67.67347#Bombing_Explosion-Facility_Infrastructure_Attack_DEL_1.mod":{"aut":[[0,[0,1]],[1,[-1,0]]],"delay":1,"gamma":1.0,"pit":[[0,[1.0,0.0]],[1,[0.0,1.0]]],"src":"33.85714#34.93878#73.79592#75.83673#VAR","tgt":"29.53061#30.61224#65.63265#67.67347#Bombing_Explosion-Facility_Infrastructure_Attack"},"_33.85714#34.93878#73.79592#75.83673#VAR_29.53061#30.61224#65.63265#67.67347#Bombing_Explosion-Facility_Infrastructure_Attack_DEL_9.mod":{"aut":[[0,[0,1]],[1,[-1,0]]],"delay":9,"gamma":1.0,"pit":[[0,[1.0,0.0]],[1,[0.0,1.0]]],"src":"33.85714#34.93878#73.79592#75.83673#VAR",