{"_15.46939#16.55102#45.22449#47.26531#VAR_30.61224#31.69388#65.63265#67.67347#Bombing_Explosion-Facility_Infrastructure_Attack_DEL_3.mod":{"aut":[[0,[0,1]],[1,[-1,0]]],"delay":3,"gamma":0.22013259328970314,"pit":[[0,[0.9983480176557623,0.001651982344237734]],[1,[0.0,1.0]]],"src":"15.46939#16.55102#45.22449#47.26531#VAR","tgt":"30.61224#31.69388#65.63265#67.67347#Bombing_Explosion-Facility_Infrastructure_Attack"},"_27.36735#28.44898#28.89796#30.93878#Armed_Assault-Hostage_Taking_Barricade_Incident-Hijacking-Assassination-Hostage_Taking_Kidnapping__30.61224#31.69388#65.63265#67.67347#Bombing_Explosion-Facility_Infrastructure_Attack_DEL_4.mod":{"aut":[[0,[1,0]],[1,[1,0]]],"delay":4,"gamma":0.015455375523839354,"pit":[[0,[1.0,0.0]],[1,[0.9975475168087167,0.0024524831912833755]]],"src":"27.36735#28.44898#28.89796#30.93878#Armed_Assault-Hostage_Taking_Barricade_Incident-Hijacking-Assassination-Hostage_Taking_Kidnapping_","tgt":"30.61224#31.69388#65.63265#67.67347#Bombing_Explosion-Facility_Infrastructure_Attack"},"_27.36735#28.44898#28.89796#30.93878#Armed_Assault-Hostage_Taking_Barricade_Incident-Hijacking-Assassination-Hostage_Taking_Kidnapping__30.61224#31.69388#65.63265#67.67347#Bombing_Explosion-Facility_Infrastructure_Attack_DEL_8.mod":{"aut":[[0,[1,0]],[1,[1,0]]],"delay":8,"gamma":0.015241944257537554,"pit":[[0,[1.0,0.0]],[1,[0.9975414874492077,0.0024585125507923106]]],"src":"27.36735#28.44898#28.89796#30.93878#Armed_Assault-Hostage_Taking_Barricade_Incident-Hijacking-Assassination-Hostage_Taking_Kidnapping_","tgt":"30.61224#31.69388#65.63265#67.67347#Bombing_Explosion-Facility_Infrastructure_Attack"},"_27.36735#28.44898#28.89796#30.93878#VAR_30.61224#31.69388#65.63265#67.67347#Bombing_Explosion-Facility_Infrastructure_Attack_DEL_4.mod":{"aut":[[0,[1,0]],[1,[2,0]],[2,[0,0]]],"delay":4,"gamma":0.01289252039826283,"pit":[[0,[0.9986033519850614,0.0013966480149385418]],[1,[0.99822380109839,0.001776198901609911]],[2,[0.9963235293852288,0.0036764706147711396]]],"src":"27.36735#28.44898#28.89796#30.93878#VAR","tgt":"30.61224#31.69388#65.63265#67.67347#Bombing_Explosion-Facility_Infrastructure_Attack"},"_30.61224#31.69388#32.97959#35.02041#Armed_Assault-Hostage_Taking_Barricade_Incident-Hijacking-Assassination-Hostage_Taking_Kidnapping__30.61224#31.69388#65.63265#67.67347#Bombing_Explosion-Facility_Infrastructure_Attack_DEL_0.mod":{"aut":[[0,[0,1]],[1,[-1,0]]],"delay":0,"gamma":1.0,"pit":[[0,[1.0,0.0]],[1,[0.0,1.0]]],"src":"30.61224#31.69388#32.97959#35.02041#Armed_Assault-Hostage_Taking_Barricade_Incident-Hijacking-Assassination-Hostage_Taking_Kidnapping_","tgt":"30.61224#31.69388#65.63265#67.67347#Bombing_Explosion-Facility_Infrastructure_Attack"},"_30.61224#31.69388#35.02041#37.06122#Armed_Assault-Hostage_Taking_Barricade_Incident-Hijacking-Assassination-Hostage_Taking_Kidnapping__30.61224#31.69388#65.63265#67.67347#Bombing_Explosion-Facility_Infrastructure_Attack_DEL_3.mod":{"aut":[[0,[0,1]],[1,[-1,0]]],"delay":3,"gamma":0.4043587722644624,"pit":[[0,[0.998777506134244,0.0012224938657560598]],[1,[0.0,1.0]]],"src":"30.61224#31.69388#35.02041#37.06122#Armed_Assault-Hostage_Taking_Barricade_Incident-Hijacking-Assassination-Hostage_Taking_Kidnapping_","tgt":"30.61224#31.69388#65.63265#67.67347#Bombing_Explosion-Facility_Infrastructure_Attack"},"_30.61224#31.69388#35.02041#37.06122#VAR_30.61224#31.69388#65.63265#67.67347#Bombing_Explosion-Facility_Infrastructure_Attack_DEL_3.mod":{"aut":[[0,[0,1]],[1,[-1,0]]],"delay":3,"gamma":0.40802369141774386,"pit":[[0,[0.9987760097828022,0.001223990217197773]],[1,[0.0,1.0]]],"src":"30.61224#31.69388#35.02041#37.06122#VAR","tgt":"30.61224#31.69388#65.63265#67.67347#Bombing_Explosion-Facility_Infrastructure_Attack"},"_30.61224#31.69388#65.63265#67.67347#Bombing_Explosion-Facility_Infrastructure_Attack_30.61224#31.69388#65.63265#67.67347#Bombing_Explosion-Facility_Infrastructure_Attack_DEL_1.mod":{"aut":[[0,[0,1]],[1,[-1,0]]],"delay":1,"gamma":0.45137770852056924,"pit":[[0,[0.9989035087683557,0.00109649123164433]],[1,[0.0,1.0]]],"src":"30.61224#31.69388#65.63265#67.67347#Bombing_Explosion-Facility_Infrastructure_Attack","tgt":"30.61224#31.69388#65.63265#67.67347#Bombing_Explosion-Facility_Infrastructure_Attack"},"_30.61224#31.69388#65.63265#67.67347#VAR_30.61224#31.69388#65.63265#67.67347#Bombing_Explosion-Facility_Infrastructure_Attack_DEL_1.mod":{"aut":[[0,[0,1]],[1,[-1,0]]],"delay":1,"gamma":0.45145477034589543,"pit":[[0,[0.9989023051629994,0.0010976948370005932]],[1,[0.0,1.0]]],"src":"30.61224#31.69388#65.63265#67.67347#VAR","tgt":"30.61224#31.69388#65.63265#67.67347#Bombing_Explosion-Facility_Infrastructure_Attack"},"_32.77551#33.85714#35.02041#37.06122#Bombing_Explosion-Facility_Infrastructure_Attack_30.61224#31.69388#65.63265#67.67347#Bombing_Explosion-Facility_Infrastructure_Attack_DEL_0.mod":{"aut":[[0,[1,0]],[1,[1,0]]],"delay":0,"gamma":0.017935446981651393,"pit":[[0,[1.0,0.0]],[1,[0.9975031211024055,0.002496878897594509]]],"src":"32.77551#33.85714#35.02041#37.06122#Bombing_Explosion-Facility_Infrastructure_Attack","tgt":"30.61224#31.69388#65.63265#67.67347#Bombing_Explosion-Facility_Infrastructure_Attack"},"_32.77551#33.85714#35.02041#37.06122#Bombing_Explosion-Facility_Infrastructure_Attack_30.61224#31.69388#65.63265#67.67347#Bombing_Explosion-Facility_Infrastructure_Attack_DEL_5.mod":{"aut":[[0,[1,0]],[1,[1,0]]],"delay":5,"gamma":0.01919356988189236,"pit":[[0,[1.0,0.0]],[1,[0.9975000000617001,0.0024999999382998798]]],"src":"32.77551#33.85714#35.02041#37.06122#Bombing_Explosion-Facility_Infrastructure_Attack","tgt":"30.61224#31.69388#65.63265#67.67347#Bombing_Explosion-Facility_Infrastructure_Attack"},"_32.77551#33.85714#35.02041#37.06122#VAR_30.61224#31.69388#65.63265#67.67347#Bombing_Explosion-Facility_Infrastructure_Attack_DEL_0.mod":{"aut":[[0,[1,0]],[1,[1,0]]],"delay":0,"gamma":0.0210422397887029,"pit":[[0,[1.0,0.0]],[1,[0.9974473515906132,0.0025526484093868354]]],"src":"32.77551#33.85714#35.02041#37.06122#VAR","tgt":"30.61224#31.69388#65.63265#67.67347#Bombing_Explosion-Facility_Infrastructure_Attack"},"_32.77551#33.85714#35.02041#37.06122#VAR_30.61224#31.69388#65.63265#67.67347#Bombing_Explosion-Facility_Infrastructure_Attack_DEL_5.mod":{"aut":[[0,[1,0]],[1,[1,0]]],"delay":5,"gamma":0.022273578031227315,"pit":[[0,[1.0,0.0]],[1,[0.9974440895116177,0.0025559104883823153]]],"src":"32.77551#33.85714#35.02041#37.06122#VAR","tgt":"30.61224#31.69388#65.63265#67.67347#Bombing_Explosion-Facility_Infrastructure_Attack"},"_32.77551#33.85714#71.7551#73.79592#VAR_30.61224#31.69388#65.63265#67.67347#Bombing_Explosion-Facility_Infrastructure_Attack_DEL_6.mod":{"aut":[[0,[0,1]],[1,[-1,0]]],"delay":6,"gamma":0.22063583704234613,"pit":[[0,[0.9983370287836625,0.0016629712163375695]],[1,[0.0,1.0]]],"src":"32.77551#33.85714#71.7551#73.79592#VAR","tgt":"30.61224#31.69388#65.63265#67.67347#Bombing_Explosion-Facility_Infrastructure_Attack"},"_33.85714#34.93878#73.79592#75.83673#VAR_30.61224#31.69388#65.63265#67.67347#Bombing_Explosion-Facility_Infrastructure_Attack_DEL_6.mod":{"aut":[[0,[1,0]],[1,[2,0]],[2,[3,0]],[3,[4,0]],[4,[0,0]]],"delay":6,"gamma":0.04611179598854165,"pit":[[0,[1.0,0.0]],[1,[0.9972299168562294,0.0027700831437705315]],[2,[0.9970149253925948,0.0029850746074052002]],[3,[0.9968944099089652,0.0031055900910348625]],[4,[0.996688741664803,0.0033112583351969137]]],"src":"33.85714#34.93878#73.79592#75.83673#VAR","tgt":"30.61224#31.69388#65.63265#67.67347#Bombing_Explosion-Facility_Infrastructure_Attack"},"_36.02041#37.10204#2.36735#4.40816#Armed_Assault-Hostage_Taking_Barricade_Incident-Hijacking-Assassination-Hostage_Taking_Kidnapping__30.61224#31.69388#65.63265#67.67347#Bombing_Explosion-Facility_Infrastructure_Attack_DEL_0.mod":{"aut":[[0,[1,0]],[1,[2,0]],[2,[3,0]],[3,[3,0]]],"delay":0,"gamma":0.07175572106499062,"pit":[[0,[1.0,0.0]],[1,[0.9922480620155039,0.007751937984496124]],[2,[0.9909909908231851,0.009009009176814877]],[3,[0.9983987190097598,0.0016012809902401246]]],