{"_1.40816#2.4898#45.22449#47.26531#Armed_Assault-Hostage_Taking_Barricade_Incident-Hijacking-Assassination-Hostage_Taking_Kidnapping__31.69388#32.77551#43.18367#45.22449#Bombing_Explosion-Facility_Infrastructure_Attack_DEL_9.mod":{"aut":[[0,[0,1]],[1,[-1,0]]],"delay":9,"gamma":0.2204492631209729,"pit":[[0,[0.9983370287836625,0.0016629712163375695]],[1,[0.0,1.0]]],"src":"1.40816#2.4898#45.22449#47.26531#Armed_Assault-Hostage_Taking_Barricade_Incident-Hijacking-Assassination-Hostage_Taking_Kidnapping_","tgt":"31.69388#32.77551#43.18367#45.22449#Bombing_Explosion-Facility_Infrastructure_Attack"},"_31.69388#32.77551#18.69388#20.73469#Armed_Assault-Hostage_Taking_Barricade_Incident-Hijacking-Assassination-Hostage_Taking_Kidnapping__31.69388#32.77551#43.18367#45.22449#Bombing_Explosion-Facility_Infrastructure_Attack_DEL_1.mod":{"aut":[[0,[0,1]],[1,[-1,0]]],"delay":1,"gamma":0.2197911547534228,"pit":[[0,[0.99835526315598,0.0016447368440199888]],[1,[0.0,1.0]]],"src":"31.69388#32.77551#18.69388#20.73469#Armed_Assault-Hostage_Taking_Barricade_Incident-Hijacking-Assassination-Hostage_Taking_Kidnapping_","tgt":"31.69388#32.77551#43.18367#45.22449#Bombing_Explosion-Facility_Infrastructure_Attack"},"_31.69388#32.77551#18.69388#20.73469#VAR_31.69388#32.77551#43.18367#45.22449#Bombing_Explosion-Facility_Infrastructure_Attack_DEL_1.mod":{"aut":[[0,[0,1]],[1,[-1,0]]],"delay":1,"gamma":0.2197911547534228,"pit":[[0,[0.99835526315598,0.0016447368440199888]],[1,[0.0,1.0]]],"src":"31.69388#32.77551#18.69388#20.73469#VAR","tgt":"31.69388#32.77551#43.18367#45.22449#Bombing_Explosion-Facility_Infrastructure_Attack"},"_31.69388#32.77551#43.18367#45.22449#Bombing_Explosion-Facility_Infrastructure_Attack_31.69388#32.77551#43.18367#45.22449#Bombing_Explosion-Facility_Infrastructure_Attack_DEL_1.mod":{"aut":[[0,[0,1]],[1,[-1,0]]],"delay":1,"gamma":0.45137770852056924,"pit":[[0,[0.9989035087683557,0.00109649123164433]],[1,[0.0,1.0]]],"src":"31.69388#32.77551#43.18367#45.22449#Bombing_Explosion-Facility_Infrastructure_Attack","tgt":"31.69388#32.77551#43.18367#45.22449#Bombing_Explosion-Facility_Infrastructure_Attack"},"_31.69388#32.77551#43.18367#45.22449#VAR_31.69388#32.77551#43.18367#45.22449#Bombing_Explosion-Facility_Infrastructure_Attack_DEL_1.mod":{"aut":[[0,[0,1]],[1,[-1,0]]],"delay":1,"gamma":0.45145477034589543,"pit":[[0,[0.9989023051629994,0.0010976948370005932]],[1,[0.0,1.0]]],"src":"31.69388#32.77551#43.18367#45.22449#VAR","tgt":"31.69388#32.77551#43.18367#45.22449#Bombing_Explosion-Facility_Infrastructure_Attack"},"_31.69388#32.77551#73.79592#75.83673#VAR_31.69388#32.77551#43.18367#45.22449#Bombing_Explosion-Facility_Infrastructure_Attack_DEL_8.mod":{"aut":[[0,[0,1]],[1,[-1,0]]],"delay":8,"gamma":0.22191285564414098,"pit":[[0,[0.9983212086817674,0.0016787913182326102]],[1,[0.0,1.0]]],"src":"31.69388#32.77551#73.79592#75.83673#VAR","tgt":"31.69388#32.77551#43.18367#45.22449#Bombing_Explosion-Facility_Infrastructure_Attack"},"_32.77551#33.85714#35.02041#37.06122#Bombing_Explosion-Facility_Infrastructure_Attack_31.69388#32.77551#43.18367#45.22449#Bombing_Explosion-Facility_Infrastructure_Attack_DEL_4.mod":{"aut":[[0,[1,0]],[1,[2,0]],[2,[0,0]]],"delay":4,"gamma":0.07223555112737878,"pit":[[0,[1.0,0.0]],[1,[0.9964664311628697,0.0035335688371303455]],[2,[0.9962756051629906,0.003724394837009341]]],"src":"32.77551#33.85714#35.02041#37.06122#Bombing_Explosion-Facility_Infrastructure_Attack","tgt":"31.69388#32.77551#43.18367#45.22449#Bombing_Explosion-Facility_Infrastructure_Attack"},"_33.85714#34.93878#73.79592#75.83673#Bombing_Explosion-Facility_Infrastructure_Attack_31.69388#32.77551#43.18367#45.22449#Bombing_Explosion-Facility_Infrastructure_Attack_DEL_1.mod":{"aut":[[0,[1,0]],[1,[1,0]]],"delay":1,"gamma":0.012718008779049828,"pit":[[0,[1.0,0.0]],[1,[0.9976019184294936,0.0023980815705063815]]],"src":"33.85714#34.93878#73.79592#75.83673#Bombing_Explosion-Facility_Infrastructure_Attack","tgt":"31.69388#32.77551#43.18367#45.22449#Bombing_Explosion-Facility_Infrastructure_Attack"},"_33.85714#34.93878#73.79592#75.83673#VAR_31.69388#32.77551#43.18367#45.22449#Bombing_Explosion-Facility_Infrastructure_Attack_DEL_1.mod":{"aut":[[0,[1,0]],[1,[1,0]]],"delay":1,"gamma":0.01804272127427997,"pit":[[0,[1.0,0.0]],[1,[0.9975093399591461,0.0024906600408539053]]],"src":"33.85714#34.93878#73.79592#75.83673#VAR","tgt":"31.69388#32.77551#43.18367#45.22449#Bombing_Explosion-Facility_Infrastructure_Attack"},"_36.02041#37.10204#2.36735#4.40816#Bombing_Explosion-Facility_Infrastructure_Attack_31.69388#32.77551#43.18367#45.22449#Bombing_Explosion-Facility_Infrastructure_Attack_DEL_5.mod":{"aut":[[0,[1,0]],[1,[1,0]]],"delay":5,"gamma":0.03601672003611078,"pit":[[0,[1.0,0.0]],[1,[0.9971509972226373,0.0028490027773626523]]],"src":"36.02041#37.10204#2.36735#4.40816#Bombing_Explosion-Facility_Infrastructure_Attack","tgt":"31.69388#32.77551#43.18367#45.22449#Bombing_Explosion-Facility_Infrastructure_Attack"},"_37.10204#38.18367#22.77551#24.81633#Bombing_Explosion-Facility_Infrastructure_Attack_31.69388#32.77551#43.18367#45.22449#Bombing_Explosion-Facility_Infrastructure_Attack_DEL_4.mod":{"aut":[[0,[1,0]],[1,[1,0]]],"delay":4,"gamma":0.011842448186207943,"pit":[[0,[1.0,0.0]],[1,[0.997610513808811,0.002389486191188972]]],"src":"37.10204#38.18367#22.77551#24.81633#Bombing_Explosion-Facility_Infrastructure_Attack","tgt":"31.69388#32.77551#43.18367#45.22449#Bombing_Explosion-Facility_Infrastructure_Attack"},"_37.10204#38.18367#22.77551#24.81633#VAR_31.69388#32.77551#43.18367#45.22449#Bombing_Explosion-Facility_Infrastructure_Attack_DEL_4.mod":{"aut":[[0,[1,0]],[1,[1,0]]],"delay":4,"gamma":0.01242425325824359,"pit":[[0,[1.0,0.0]],[1,[0.9976004798777611,0.00239952012223885]]],"src":"37.10204#38.18367#22.77551#24.81633#VAR","tgt":"31.69388#32.77551#43.18367#45.22449#Bombing_Explosion-Facility_Infrastructure_Attack"},"_41.42857#42.5102#8.4898#10.53061#Bombing_Explosion-Facility_Infrastructure_Attack_31.69388#32.77551#43.18367#45.22449#Bombing_Explosion-Facility_Infrastructure_Attack_DEL_5.mod":{"aut":[[0,[1,0]],[1,[1,0]]],"delay":5,"gamma":0.017279694488446684,"pit":[[0,[1.0,0.0]],[1,[0.9975124377750361,0.0024875622249639316]]],"src":"41.42857#42.5102#8.4898#10.53061#Bombing_Explosion-Facility_Infrastructure_Attack","tgt":"31.69388#32.77551#43.18367#45.22449#Bombing_Explosion-Facility_Infrastructure_Attack"},"_41.42857#42.5102#8.4898#10.53061#VAR_31.69388#32.77551#43.18367#45.22449#Bombing_Explosion-Facility_Infrastructure_Attack_DEL_5.mod":{"aut":[[0,[1,0]],[1,[2,0]],[2,[0,0]]],"delay":5,"gamma":0.07234327398012663,"pit":[[0,[1.0,0.0]],[1,[0.9964157706961089,0.003584229303891088]],[2,[0.9962335217322298,0.0037664782677701695]]],"src":"41.42857#42.5102#8.4898#10.53061#VAR","tgt":"31.69388#32.77551#43.18367#45.22449#Bombing_Explosion-Facility_Infrastructure_Attack"},"_42.5102#43.59184#20.73469#22.77551#VAR_31.69388#32.77551#43.18367#45.22449#Bombing_Explosion-Facility_Infrastructure_Attack_DEL_7.mod":{"aut":[[0,[1,0]],[1,[1,0]]],"delay":7,"gamma":0.010492665965416426,"pit":[[0,[1.0,0.0]],[1,[0.9976275207854317,0.002372479214568315]]],"src":"42.5102#43.59184#20.73469#22.77551#VAR","tgt":"31.69388#32.77551#43.18367#45.22449#Bombing_Explosion-Facility_Infrastructure_Attack"},"_42.5102#43.59184#8.4898#10.53061#VAR_31.69388#32.77551#43.18367#45.22449#Bombing_Explosion-Facility_Infrastructure_Attack_DEL_1.mod":{"aut":[[0,[1,0]],[1,[1,0]]],"delay":1,"gamma":0.01062683590207969,"pit":[[0,[1.0,0.0]],[1,[0.9976373302328911,0.0023626697671088673]]],"src":"42.5102#43.59184#8.4898#10.53061#VAR","tgt":"31.69388#32.77551#43.18367#45.22449#Bombing_Explosion-Facility_Infrastructure_Attack"},"_6.81633#7.89796#79.91837#81.95918#VAR_31.69388#32.77551#43.18367#45.22449#Bombing_Explosion-Facility_Infrastructure_Attack_DEL_9.mod":{"aut":[[0,[1,0]],[1,[1,0]]],"delay":9,"gamma":0.01772144497712569,"pit":[[0,[1.0,0.0]],[1,[0.997493734374353,0.0025062656256470616]]],"src":"6.81633#7.89796#79.91837#81.95918#VAR",